Age,Attrition,BusinessTravel,DailyRate,Department,DistanceFromHome,Education,EducationField,EmployeeCount,EmployeeNumber
41,1,Travel_Rarely,1102,Sales,1,2,Life Sciences,1,1
49,0,Travel_Frequently,279,Research & Development,8,1,Life Sciences,1,2
37,1,Travel_Rarely,1373,Research & Development,2,2,Other,1,4
33,0,Travel_Frequently,1392,Research & Development,3,4,Life Sciences,1,5
27,0,Travel_Rarely,591,Research & Development,2,1,Medical,1,7
32,0,Travel_Frequently,1005,Research & Development,2,2,Life Sciences,1,8
59,0,Travel_Rarely,1324,Research & Development,3,3,Medical,1,10
30,0,Travel_Rarely,1358,Research & Development,24,1,Life Sciences,1,11
38,0,Travel_Frequently,216,Research & Development,23,3,Life Sciences,1,12
36,0,Travel_Rarely,1299,Research & Development,27,3,Medical,1,13
35,0,Travel_Rarely,809,Research & Development,16,3,Medical,1,14
29,0,Travel_Rarely,153,Research & Development,15,2,Life Sciences,1,15
31,0,Travel_Rarely,670,Research & Development,26,1,Life Sciences,1,16
34,0,Travel_Rarely,1346,Research & Development,19,2,Medical,1,18
28,1,Travel_Rarely,103,Research & Development,24,3,Life Sciences,1,19
29,0,Travel_Rarely,1389,Research & Development,21,4,Life Sciences,1,20
32,0,Travel_Rarely,334,Research & Development,5,2,Life Sciences,1,21
22,0,Non-Travel,1123,Research & Development,16,2,Medical,1,22
53,0,Travel_Rarely,1219,Sales,2,4,Life Sciences,1,23
38,0,Travel_Rarely,371,Research & Development,2,3,Life Sciences,1,24
24,0,Non-Travel,673,Research & Development,11,2,Other,1,26
36,1,Travel_Rarely,1218,Sales,9,4,Life Sciences,1,27
34,0,Travel_Rarely,419,Research & Development,7,4,Life Sciences,1,28
21,0,Travel_Rarely,391,Research & Development,15,2,Life Sciences,1,30
34,1,Travel_Rarely,699,Research & Development,6,1,Medical,1,31
53,0,Travel_Rarely,1282,Research & Development,5,3,Other,1,32
32,1,Travel_Frequently,1125,Research & Development,16,1,Life Sciences,1,33
42,0,Travel_Rarely,691,Sales,8,4,Marketing,1,35
44,0,Travel_Rarely,477,Research & Development,7,4,Medical,1,36
46,0,Travel_Rarely,705,Sales,2,4,Marketing,1,38
33,0,Travel_Rarely,924,Research & Development,2,3,Medical,1,39
44,0,Travel_Rarely,1459,Research & Development,10,4,Other,1,40
30,0,Travel_Rarely,125,Research & Development,9,2,Medical,1,41
39,1,Travel_Rarely,895,Sales,5,3,Technical Degree,1,42
24,1,Travel_Rarely,813,Research & Development,1,3,Medical,1,45
43,0,Travel_Rarely,1273,Research & Development,2,2,Medical,1,46
50,1,Travel_Rarely,869,Sales,3,2,Marketing,1,47
35,0,Travel_Rarely,890,Sales,2,3,Marketing,1,49
36,0,Travel_Rarely,852,Research & Development,5,4,Life Sciences,1,51
33,0,Travel_Frequently,1141,Sales,1,3,Life Sciences,1,52
35,0,Travel_Rarely,464,Research & Development,4,2,Other,1,53
27,0,Travel_Rarely,1240,Research & Development,2,4,Life Sciences,1,54
26,1,Travel_Rarely,1357,Research & Development,25,3,Life Sciences,1,55
27,0,Travel_Frequently,994,Sales,8,3,Life Sciences,1,56
30,0,Travel_Frequently,721,Research & Development,1,2,Medical,1,57
41,1,Travel_Rarely,1360,Research & Development,12,3,Technical Degree,1,58
34,0,Non-Travel,1065,Sales,23,4,Marketing,1,60
37,0,Travel_Rarely,408,Research & Development,19,2,Life Sciences,1,61
46,0,Travel_Frequently,1211,Sales,5,4,Marketing,1,62
35,0,Travel_Rarely,1229,Research & Development,8,1,Life Sciences,1,63
48,1,Travel_Rarely,626,Research & Development,1,2,Life Sciences,1,64
28,1,Travel_Rarely,1434,Research & Development,5,4,Technical Degree,1,65
44,0,Travel_Rarely,1488,Sales,1,5,Marketing,1,68
35,0,Non-Travel,1097,Research & Development,11,2,Medical,1,70
26,0,Travel_Rarely,1443,Sales,23,3,Marketing,1,72
33,0,Travel_Frequently,515,Research & Development,1,2,Life Sciences,1,73
35,0,Travel_Frequently,853,Sales,18,5,Life Sciences,1,74
35,0,Travel_Rarely,1142,Research & Development,23,4,Medical,1,75
31,0,Travel_Rarely,655,Research & Development,7,4,Life Sciences,1,76
37,0,Travel_Rarely,1115,Research & Development,1,4,Life Sciences,1,77
32,0,Travel_Rarely,427,Research & Development,1,3,Medical,1,78
38,0,Travel_Frequently,653,Research & Development,29,5,Life Sciences,1,79
50,0,Travel_Rarely,989,Research & Development,7,2,Medical,1,80
59,0,Travel_Rarely,1435,Sales,25,3,Life Sciences,1,81
36,0,Travel_Rarely,1223,Research & Development,8,3,Technical Degree,1,83
55,0,Travel_Rarely,836,Research & Development,8,3,Medical,1,84
36,0,Travel_Frequently,1195,Research & Development,11,3,Life Sciences,1,85
45,0,Travel_Rarely,1339,Research & Development,7,3,Life Sciences,1,86
35,0,Travel_Frequently,664,Research & Development,1,3,Medical,1,88
36,1,Travel_Rarely,318,Research & Development,9,3,Medical,1,90
59,0,Travel_Frequently,1225,Sales,1,1,Life Sciences,1,91
29,0,Travel_Rarely,1328,Research & Development,2,3,Life Sciences,1,94
31,0,Travel_Rarely,1082,Research & Development,1,4,Medical,1,95
32,0,Travel_Rarely,548,Research & Development,1,3,Life Sciences,1,96
36,0,Travel_Rarely,132,Research & Development,6,3,Life Sciences,1,97
31,0,Travel_Rarely,746,Research & Development,8,4,Life Sciences,1,98
35,0,Travel_Rarely,776,Sales,1,4,Marketing,1,100
45,0,Travel_Rarely,193,Research & Development,6,4,Other,1,101
37,0,Travel_Rarely,397,Research & Development,7,4,Medical,1,102
46,0,Travel_Rarely,945,Human Resources,5,2,Medical,1,103
30,0,Travel_Rarely,852,Research & Development,1,1,Life Sciences,1,104
35,0,Travel_Rarely,1214,Research & Development,1,3,Medical,1,105
55,0,Travel_Rarely,111,Sales,1,2,Life Sciences,1,106
38,0,Non-Travel,573,Research & Development,6,3,Medical,1,107
34,0,Travel_Rarely,1153,Research & Development,1,2,Medical,1,110
56,0,Travel_Rarely,1400,Research & Development,7,3,Life Sciences,1,112
23,0,Travel_Rarely,541,Sales,2,1,Technical Degree,1,113
51,0,Travel_Rarely,432,Research & Development,9,4,Life Sciences,1,116
30,0,Travel_Rarely,288,Research & Development,2,3,Life Sciences,1,117
46,1,Travel_Rarely,669,Sales,9,2,Medical,1,118
40,0,Travel_Frequently,530,Research & Development,1,4,Life Sciences,1,119
51,0,Travel_Rarely,632,Sales,21,4,Marketing,1,120
30,0,Travel_Rarely,1334,Sales,4,2,Medical,1,121
46,0,Travel_Frequently,638,Research & Development,1,3,Medical,1,124
32,0,Travel_Rarely,1093,Sales,6,4,Medical,1,125
54,0,Travel_Rarely,1217,Research & Development,2,4,Technical Degree,1,126
24,0,Travel_Rarely,1353,Sales,3,2,Other,1,128
28,0,Non-Travel,120,Sales,4,3,Medical,1,129
58,0,Travel_Rarely,682,Sales,10,4,Medical,1,131
44,0,Non-Travel,489,Research & Development,23,3,Medical,1,132
37,1,Travel_Rarely,807,Human Resources,6,4,Human Resources,1,133
32,0,Travel_Rarely,827,Research & Development,1,1,Life Sciences,1,134
20,1,Travel_Frequently,871,Research & Development,6,3,Life Sciences,1,137
34,0,Travel_Rarely,665,Research & Development,6,4,Other,1,138
37,0,Non-Travel,1040,Research & Development,2,2,Life Sciences,1,139
59,0,Non-Travel,1420,Human Resources,2,4,Human Resources,1,140
50,0,Travel_Frequently,1115,Research & Development,1,3,Life Sciences,1,141
25,1,Travel_Rarely,240,Sales,5,3,Marketing,1,142
25,0,Travel_Rarely,1280,Research & Development,7,1,Medical,1,143
22,0,Travel_Rarely,534,Research & Development,15,3,Medical,1,144
51,0,Travel_Frequently,1456,Research & Development,1,4,Medical,1,145
34,1,Travel_Frequently,658,Research & Development,7,3,Life Sciences,1,147
54,0,Non-Travel,142,Human Resources,26,3,Human Resources,1,148
24,0,Travel_Rarely,1127,Research & Development,18,1,Life Sciences,1,150
34,0,Travel_Rarely,1031,Research & Development,6,4,Life Sciences,1,151
37,0,Travel_Rarely,1189,Sales,3,3,Life Sciences,1,152
34,0,Travel_Rarely,1354,Research & Development,5,3,Medical,1,153
36,0,Travel_Frequently,1467,Sales,11,2,Technical Degree,1,154
36,0,Travel_Rarely,922,Research & Development,3,2,Life Sciences,1,155
43,0,Travel_Frequently,394,Sales,26,2,Life Sciences,1,158
30,0,Travel_Frequently,1312,Research & Development,23,3,Life Sciences,1,159
33,0,Non-Travel,750,Sales,22,2,Marketing,1,160
56,1,Travel_Rarely,441,Research & Development,14,4,Life Sciences,1,161
51,0,Travel_Rarely,684,Research & Development,6,3,Life Sciences,1,162
31,1,Travel_Rarely,249,Sales,6,4,Life Sciences,1,163
26,0,Travel_Rarely,841,Research & Development,6,3,Other,1,164
58,1,Travel_Rarely,147,Research & Development,23,4,Medical,1,165
19,1,Travel_Rarely,528,Sales,22,1,Marketing,1,167
22,0,Travel_Rarely,594,Research & Development,2,1,Technical Degree,1,169
49,0,Travel_Rarely,470,Research & Development,20,4,Medical,1,170
43,0,Travel_Frequently,957,Research & Development,28,3,Medical,1,171
50,0,Travel_Frequently,809,Sales,12,3,Marketing,1,174
31,1,Travel_Rarely,542,Sales,20,3,Life Sciences,1,175
41,0,Travel_Rarely,802,Sales,9,1,Life Sciences,1,176
26,0,Travel_Rarely,1355,Human Resources,25,1,Life Sciences,1,177
36,0,Travel_Rarely,216,Research & Development,6,2,Medical,1,178
51,1,Travel_Frequently,1150,Research & Development,8,4,Life Sciences,1,179
39,0,Travel_Rarely,1329,Sales,4,4,Life Sciences,1,182
25,0,Travel_Rarely,959,Sales,28,3,Life Sciences,1,183
30,0,Travel_Rarely,1240,Human Resources,9,3,Human Resources,1,184
32,1,Travel_Rarely,1033,Research & Development,9,3,Medical,1,190
45,0,Travel_Rarely,1316,Research & Development,29,3,Medical,1,192
38,0,Travel_Rarely,364,Research & Development,3,5,Technical Degree,1,193
30,0,Travel_Rarely,438,Research & Development,18,3,Life Sciences,1,194
32,0,Travel_Frequently,689,Sales,9,2,Medical,1,195
30,0,Travel_Rarely,201,Research & Development,5,3,Technical Degree,1,197
30,0,Travel_Rarely,1427,Research & Development,2,1,Medical,1,198
41,0,Travel_Frequently,857,Research & Development,10,3,Life Sciences,1,199
41,0,Travel_Rarely,933,Research & Development,9,4,Life Sciences,1,200
19,0,Travel_Rarely,1181,Research & Development,3,1,Medical,1,201
40,0,Travel_Frequently,1395,Research & Development,26,3,Medical,1,202
35,0,Travel_Rarely,662,Sales,1,5,Marketing,1,204
53,0,Travel_Rarely,1436,Sales,6,2,Marketing,1,205
45,0,Travel_Rarely,194,Research & Development,9,3,Life Sciences,1,206
32,0,Travel_Frequently,967,Sales,8,3,Marketing,1,207
29,0,Non-Travel,1496,Research & Development,1,1,Technical Degree,1,208
51,0,Travel_Rarely,1169,Research & Development,7,4,Medical,1,211
58,0,Travel_Rarely,1145,Research & Development,9,3,Medical,1,214
40,0,Travel_Rarely,630,Sales,4,4,Marketing,1,215
34,0,Travel_Frequently,303,Sales,2,4,Marketing,1,216
22,0,Travel_Rarely,1256,Research & Development,19,1,Medical,1,217
27,0,Non-Travel,691,Research & Development,9,3,Medical,1,218
28,0,Travel_Rarely,440,Research & Development,21,3,Medical,1,221
57,0,Travel_Rarely,334,Research & Development,24,2,Life Sciences,1,223
27,0,Non-Travel,1450,Research & Development,3,3,Medical,1,224
50,0,Travel_Rarely,1452,Research & Development,11,3,Life Sciences,1,226
41,0,Travel_Rarely,465,Research & Development,14,3,Life Sciences,1,227
30,0,Travel_Rarely,1339,Sales,5,3,Life Sciences,1,228
38,0,Travel_Rarely,702,Sales,1,4,Life Sciences,1,230
32,0,Travel_Rarely,120,Research & Development,6,5,Life Sciences,1,231
27,0,Travel_Rarely,1157,Research & Development,17,3,Technical Degree,1,233
19,1,Travel_Frequently,602,Sales,1,1,Technical Degree,1,235
36,0,Travel_Frequently,1480,Research & Development,3,2,Medical,1,238
30,0,Non-Travel,111,Research & Development,9,3,Medical,1,239
45,0,Travel_Rarely,1268,Sales,4,2,Life Sciences,1,240
56,0,Travel_Rarely,713,Research & Development,8,3,Life Sciences,1,241
33,0,Travel_Rarely,134,Research & Development,2,3,Life Sciences,1,242
19,1,Travel_Rarely,303,Research & Development,2,3,Life Sciences,1,243
46,0,Travel_Rarely,526,Sales,1,2,Marketing,1,244
38,0,Travel_Rarely,1380,Research & Development,9,2,Life Sciences,1,245
31,0,Travel_Rarely,140,Research & Development,12,1,Medical,1,246
34,0,Travel_Rarely,629,Research & Development,27,2,Medical,1,247
41,1,Travel_Rarely,1356,Sales,20,2,Marketing,1,248
50,0,Travel_Rarely,328,Research & Development,1,3,Medical,1,249
53,0,Travel_Rarely,1084,Research & Development,13,2,Medical,1,250
33,0,Travel_Rarely,931,Research & Development,14,3,Medical,1,252
40,0,Travel_Rarely,989,Research & Development,4,1,Medical,1,253
55,0,Travel_Rarely,692,Research & Development,14,4,Medical,1,254
34,0,Travel_Frequently,1069,Research & Development,2,1,Life Sciences,1,256
51,0,Travel_Rarely,313,Research & Development,3,3,Medical,1,258
52,0,Travel_Rarely,699,Research & Development,1,4,Life Sciences,1,259
27,0,Travel_Rarely,894,Research & Development,9,3,Medical,1,260
35,1,Travel_Rarely,556,Research & Development,23,2,Life Sciences,1,261
43,0,Non-Travel,1344,Research & Development,7,3,Medical,1,262
45,0,Non-Travel,1195,Research & Development,2,2,Medical,1,264
37,0,Travel_Rarely,290,Research & Development,21,3,Life Sciences,1,267
35,0,Travel_Frequently,138,Research & Development,2,3,Medical,1,269
42,0,Non-Travel,926,Research & Development,21,2,Medical,1,270
38,0,Travel_Rarely,1261,Research & Development,2,4,Life Sciences,1,271
38,0,Travel_Rarely,1084,Research & Development,29,3,Technical Degree,1,273
27,0,Travel_Frequently,472,Research & Development,1,1,Technical Degree,1,274
49,0,Non-Travel,1002,Research & Development,18,4,Life Sciences,1,275
34,0,Travel_Frequently,878,Research & Development,10,4,Medical,1,277
40,0,Travel_Rarely,905,Research & Development,19,2,Medical,1,281
38,1,Travel_Rarely,1180,Research & Development,29,1,Medical,1,282
29,1,Travel_Rarely,121,Sales,27,3,Marketing,1,283
22,0,Travel_Rarely,1136,Research & Development,5,3,Life Sciences,1,284
36,0,Travel_Frequently,635,Research & Development,18,1,Medical,1,286
40,0,Non-Travel,1151,Research & Development,9,5,Life Sciences,1,287
46,0,Travel_Rarely,644,Research & Development,1,4,Medical,1,288
32,1,Travel_Rarely,1045,Sales,4,4,Medical,1,291
30,0,Non-Travel,829,Research & Development,1,1,Life Sciences,1,292
27,0,Travel_Frequently,1242,Sales,20,3,Life Sciences,1,293
51,0,Travel_Rarely,1469,Research & Development,8,4,Life Sciences,1,296
30,1,Travel_Rarely,1005,Research & Development,3,3,Technical Degree,1,297
41,0,Travel_Rarely,896,Sales,6,3,Life Sciences,1,298
30,1,Travel_Frequently,334,Sales,26,4,Marketing,1,299
29,1,Travel_Rarely,992,Research & Development,1,3,Technical Degree,1,300
45,0,Non-Travel,1052,Sales,6,3,Medical,1,302
54,0,Travel_Rarely,1147,Sales,3,3,Marketing,1,303
36,0,Travel_Rarely,1396,Research & Development,5,2,Life Sciences,1,304
33,0,Travel_Rarely,147,Research & Development,4,4,Medical,1,305
37,0,Travel_Frequently,663,Research & Development,11,3,Other,1,306
38,0,Travel_Rarely,119,Sales,3,3,Life Sciences,1,307
31,0,Non-Travel,979,Research & Development,1,4,Medical,1,308
59,0,Travel_Rarely,142,Research & Development,3,3,Life Sciences,1,309
37,0,Travel_Frequently,319,Sales,4,4,Marketing,1,311
29,0,Travel_Frequently,1413,Sales,1,1,Medical,1,312
35,0,Travel_Frequently,944,Sales,1,3,Marketing,1,314
29,1,Travel_Rarely,896,Research & Development,18,1,Medical,1,315
52,0,Travel_Rarely,1323,Research & Development,2,3,Life Sciences,1,316
42,0,Travel_Rarely,532,Research & Development,4,2,Technical Degree,1,319
59,0,Travel_Rarely,818,Human Resources,6,2,Medical,1,321
50,0,Travel_Rarely,854,Sales,1,4,Medical,1,323
33,1,Travel_Rarely,813,Research & Development,14,3,Medical,1,325
43,0,Travel_Rarely,1034,Sales,16,3,Marketing,1,327
33,1,Travel_Rarely,465,Research & Development,2,2,Life Sciences,1,328
52,0,Non-Travel,771,Sales,2,4,Life Sciences,1,329
32,0,Travel_Rarely,1401,Sales,4,2,Life Sciences,1,330
32,1,Travel_Rarely,515,Research & Development,1,3,Life Sciences,1,331
39,0,Travel_Rarely,1431,Research & Development,1,4,Medical,1,332
32,0,Non-Travel,976,Sales,26,4,Marketing,1,333
41,0,Travel_Rarely,1411,Research & Development,19,2,Life Sciences,1,334
40,0,Travel_Rarely,1300,Research & Development,24,2,Technical Degree,1,335
45,0,Travel_Rarely,252,Research & Development,1,3,Other,1,336
31,0,Travel_Frequently,1327,Research & Development,3,4,Medical,1,337
33,0,Travel_Rarely,832,Research & Development,5,4,Life Sciences,1,338
34,0,Travel_Rarely,470,Research & Development,2,4,Life Sciences,1,339
37,0,Travel_Rarely,1017,Research & Development,1,2,Medical,1,340
45,0,Travel_Frequently,1199,Research & Development,7,4,Life Sciences,1,341
37,1,Travel_Frequently,504,Research & Development,10,3,Medical,1,342
39,0,Travel_Frequently,505,Research & Development,2,4,Technical Degree,1,343
29,0,Travel_Rarely,665,Research & Development,15,3,Life Sciences,1,346
42,0,Travel_Rarely,916,Research & Development,17,2,Life Sciences,1,347
29,0,Travel_Rarely,1247,Sales,20,2,Marketing,1,349
25,0,Travel_Rarely,685,Research & Development,1,3,Life Sciences,1,350
42,0,Travel_Rarely,269,Research & Development,2,3,Medical,1,351
40,0,Travel_Rarely,1416,Research & Development,2,2,Medical,1,352
51,0,Travel_Rarely,833,Research & Development,1,3,Life Sciences,1,353
31,1,Travel_Frequently,307,Research & Development,29,2,Medical,1,355
32,0,Travel_Frequently,1311,Research & Development,7,3,Life Sciences,1,359
38,0,Non-Travel,1327,Sales,2,2,Life Sciences,1,361
32,0,Travel_Rarely,128,Research & Development,2,1,Technical Degree,1,362
46,0,Travel_Rarely,488,Sales,2,3,Technical Degree,1,363
28,1,Travel_Rarely,529,Research & Development,2,4,Life Sciences,1,364
29,0,Travel_Rarely,1210,Sales,2,3,Medical,1,366
31,0,Travel_Rarely,1463,Research & Development,23,3,Medical,1,367
25,0,Non-Travel,675,Research & Development,5,2,Life Sciences,1,369
45,0,Travel_Rarely,1385,Research & Development,20,2,Medical,1,372
36,0,Travel_Rarely,1403,Research & Development,6,3,Life Sciences,1,373
55,0,Travel_Rarely,452,Research & Development,1,3,Medical,1,374
47,1,Non-Travel,666,Research & Development,29,4,Life Sciences,1,376
28,0,Travel_Rarely,1158,Research & Development,9,3,Medical,1,377
37,0,Travel_Rarely,228,Sales,6,4,Medical,1,378
21,0,Travel_Rarely,996,Research & Development,3,2,Medical,1,379
37,0,Non-Travel,728,Research & Development,1,4,Medical,1,380
35,0,Travel_Rarely,1315,Research & Development,22,3,Life Sciences,1,381
38,0,Travel_Rarely,322,Sales,7,2,Medical,1,382
26,0,Travel_Frequently,1479,Research & Development,1,3,Life Sciences,1,384
50,0,Travel_Rarely,797,Research & Development,4,1,Life Sciences,1,385
53,0,Travel_Rarely,1070,Research & Development,3,4,Medical,1,386
42,0,Travel_Rarely,635,Sales,1,1,Life Sciences,1,387
29,0,Travel_Frequently,442,Sales,2,2,Life Sciences,1,388
55,0,Travel_Rarely,147,Research & Development,20,2,Technical Degree,1,389
26,0,Travel_Frequently,496,Research & Development,11,2,Medical,1,390
37,0,Travel_Rarely,1372,Research & Development,1,3,Life Sciences,1,391
44,1,Travel_Frequently,920,Research & Development,24,3,Life Sciences,1,392
38,0,Travel_Rarely,688,Research & Development,23,4,Life Sciences,1,393
26,1,Travel_Rarely,1449,Research & Development,16,4,Medical,1,394
28,0,Travel_Rarely,1117,Research & Development,8,2,Life Sciences,1,395
49,0,Travel_Frequently,636,Research & Development,10,4,Life Sciences,1,396
36,0,Travel_Rarely,506,Research & Development,3,3,Technical Degree,1,397
31,0,Travel_Frequently,444,Sales,5,3,Marketing,1,399
26,1,Travel_Rarely,950,Sales,4,4,Marketing,1,401
37,0,Travel_Frequently,889,Research & Development,9,3,Medical,1,403
42,0,Travel_Frequently,555,Sales,26,3,Marketing,1,404
18,1,Travel_Rarely,230,Research & Development,3,3,Life Sciences,1,405
35,0,Travel_Rarely,1232,Sales,16,3,Marketing,1,406
36,0,Travel_Frequently,566,Research & Development,18,4,Life Sciences,1,407
51,0,Travel_Rarely,1302,Research & Development,2,3,Medical,1,408
41,0,Travel_Rarely,334,Sales,2,4,Life Sciences,1,410
18,0,Travel_Rarely,812,Sales,10,3,Medical,1,411
28,0,Travel_Rarely,1476,Research & Development,16,2,Medical,1,412
31,0,Travel_Rarely,218,Sales,7,3,Technical Degree,1,416
39,0,Travel_Rarely,1132,Research & Development,1,3,Medical,1,417
36,0,Non-Travel,1105,Research & Development,24,4,Life Sciences,1,419
32,0,Travel_Rarely,906,Sales,7,3,Life Sciences,1,420
38,0,Travel_Rarely,849,Research & Development,25,2,Life Sciences,1,421
58,0,Non-Travel,390,Research & Development,1,4,Life Sciences,1,422
31,0,Travel_Rarely,691,Research & Development,5,4,Technical Degree,1,423
31,0,Travel_Rarely,106,Human Resources,2,3,Human Resources,1,424
45,0,Travel_Frequently,1249,Research & Development,7,3,Life Sciences,1,425
31,0,Travel_Rarely,192,Research & Development,2,4,Life Sciences,1,426
33,0,Travel_Frequently,553,Research & Development,5,4,Life Sciences,1,428
39,0,Travel_Rarely,117,Research & Development,10,1,Medical,1,429
43,0,Travel_Frequently,185,Research & Development,10,4,Life Sciences,1,430
49,0,Travel_Rarely,1091,Research & Development,1,2,Technical Degree,1,431
52,1,Travel_Rarely,723,Research & Development,8,4,Medical,1,433
27,0,Travel_Rarely,1220,Research & Development,5,3,Life Sciences,1,434
32,0,Travel_Rarely,588,Sales,8,2,Technical Degree,1,436
27,0,Travel_Rarely,1377,Sales,2,3,Life Sciences,1,437
31,0,Travel_Rarely,691,Sales,7,3,Marketing,1,438
32,0,Travel_Rarely,1018,Research & Development,2,4,Medical,1,439
28,1,Travel_Rarely,1157,Research & Development,2,4,Medical,1,440
30,0,Travel_Rarely,1275,Research & Development,28,2,Medical,1,441
31,0,Travel_Frequently,798,Research & Development,7,2,Life Sciences,1,442
39,0,Travel_Frequently,672,Research & Development,7,2,Medical,1,444
39,1,Travel_Rarely,1162,Sales,3,2,Medical,1,445
33,0,Travel_Frequently,508,Sales,10,3,Marketing,1,446
47,0,Travel_Rarely,1482,Research & Development,5,5,Life Sciences,1,447
43,0,Travel_Frequently,559,Research & Development,10,4,Life Sciences,1,448
27,0,Non-Travel,210,Sales,1,1,Marketing,1,449
54,0,Travel_Frequently,928,Research & Development,20,4,Life Sciences,1,450
43,0,Travel_Rarely,1001,Research & Development,7,3,Life Sciences,1,451
45,0,Travel_Rarely,549,Research & Development,8,4,Other,1,452
40,0,Travel_Rarely,1124,Sales,1,2,Medical,1,453
29,1,Travel_Rarely,318,Research & Development,8,4,Other,1,454
29,0,Travel_Rarely,738,Research & Development,9,5,Other,1,455
30,0,Travel_Rarely,570,Sales,5,3,Marketing,1,456
27,0,Travel_Rarely,1130,Sales,8,4,Marketing,1,458
37,0,Travel_Rarely,1192,Research & Development,5,2,Medical,1,460
38,0,Travel_Rarely,343,Research & Development,15,2,Life Sciences,1,461
31,0,Travel_Rarely,1232,Research & Development,7,4,Medical,1,462
29,0,Travel_Rarely,144,Sales,10,1,Marketing,1,463
35,0,Travel_Rarely,1296,Research & Development,5,4,Technical Degree,1,464
23,0,Travel_Rarely,1309,Research & Development,26,1,Life Sciences,1,465
41,0,Travel_Rarely,483,Research & Development,6,3,Medical,1,466
47,0,Travel_Frequently,1309,Sales,4,1,Medical,1,467
42,0,Travel_Rarely,810,Research & Development,23,5,Life Sciences,1,468
29,0,Non-Travel,746,Sales,2,3,Life Sciences,1,469
42,0,Travel_Rarely,544,Human Resources,2,1,Technical Degree,1,470
32,0,Travel_Rarely,1062,Research & Development,2,3,Medical,1,471
48,0,Travel_Rarely,530,Sales,29,1,Medical,1,473
37,0,Travel_Rarely,1319,Research & Development,6,3,Medical,1,474
30,0,Non-Travel,641,Sales,25,2,Technical Degree,1,475
26,0,Travel_Rarely,933,Sales,1,3,Life Sciences,1,476
42,0,Travel_Rarely,1332,Research & Development,2,4,Other,1,477
21,1,Travel_Frequently,756,Sales,1,1,Technical Degree,1,478
36,0,Non-Travel,845,Sales,1,5,Medical,1,479
36,0,Travel_Frequently,541,Sales,3,4,Medical,1,481
57,0,Travel_Rarely,593,Research & Development,1,4,Medical,1,482
40,0,Travel_Rarely,1171,Research & Development,10,4,Life Sciences,1,483
21,0,Non-Travel,895,Sales,9,2,Medical,1,484
33,1,Travel_Rarely,350,Sales,5,3,Marketing,1,485
37,0,Travel_Rarely,921,Research & Development,10,3,Medical,1,486
46,0,Non-Travel,1144,Research & Development,7,4,Medical,1,487
41,1,Travel_Frequently,143,Sales,4,3,Marketing,1,488
50,0,Travel_Rarely,1046,Research & Development,10,3,Technical Degree,1,491
40,1,Travel_Rarely,575,Sales,22,2,Marketing,1,492
31,0,Travel_Rarely,408,Research & Development,9,4,Life Sciences,1,493
21,1,Travel_Rarely,156,Sales,12,3,Life Sciences,1,494
29,0,Travel_Rarely,1283,Research & Development,23,3,Life Sciences,1,495
35,0,Travel_Rarely,755,Research & Development,9,4,Life Sciences,1,496
27,0,Travel_Rarely,1469,Research & Development,1,2,Medical,1,497
28,0,Travel_Rarely,304,Sales,9,4,Life Sciences,1,498
49,0,Travel_Rarely,1261,Research & Development,7,3,Other,1,499
51,0,Travel_Rarely,1178,Sales,14,2,Life Sciences,1,500
36,0,Travel_Rarely,329,Research & Development,2,3,Life Sciences,1,501
34,1,Non-Travel,1362,Sales,19,3,Marketing,1,502
55,0,Travel_Rarely,1311,Research & Development,2,3,Life Sciences,1,505
24,0,Travel_Rarely,1371,Sales,10,4,Marketing,1,507
30,0,Travel_Rarely,202,Sales,2,1,Technical Degree,1,508
26,1,Travel_Frequently,575,Research & Development,3,1,Technical Degree,1,510
22,0,Travel_Rarely,253,Research & Development,11,3,Medical,1,511
36,0,Travel_Rarely,164,Sales,2,2,Medical,1,513
30,1,Travel_Frequently,464,Research & Development,4,3,Technical Degree,1,514
37,0,Travel_Rarely,1107,Research & Development,14,3,Life Sciences,1,515
40,0,Travel_Rarely,759,Sales,2,2,Marketing,1,516
42,0,Travel_Rarely,201,Research & Development,1,4,Life Sciences,1,517
37,0,Travel_Rarely,1305,Research & Development,10,4,Life Sciences,1,518
43,0,Travel_Rarely,982,Research & Development,12,3,Life Sciences,1,520
40,0,Travel_Rarely,555,Research & Development,2,3,Medical,1,521
54,0,Travel_Rarely,821,Research & Development,5,2,Medical,1,522
34,0,Non-Travel,1381,Sales,4,4,Marketing,1,523
31,0,Travel_Rarely,480,Research & Development,7,2,Medical,1,524
43,0,Travel_Frequently,313,Research & Development,21,3,Medical,1,525
43,0,Travel_Rarely,1473,Research & Development,8,4,Other,1,526
25,0,Travel_Rarely,891,Sales,4,2,Life Sciences,1,527
37,0,Non-Travel,1063,Research & Development,25,5,Medical,1,529
31,0,Travel_Rarely,329,Research & Development,1,2,Life Sciences,1,530
39,0,Travel_Frequently,1218,Research & Development,1,1,Life Sciences,1,531
56,0,Travel_Frequently,906,Sales,6,3,Life Sciences,1,532
30,0,Travel_Rarely,1082,Sales,12,3,Technical Degree,1,533
41,0,Travel_Rarely,645,Sales,1,3,Marketing,1,534
28,0,Travel_Rarely,1300,Research & Development,17,2,Medical,1,536
25,1,Travel_Rarely,688,Research & Development,3,3,Medical,1,538
52,0,Travel_Rarely,319,Research & Development,3,3,Medical,1,543
45,0,Travel_Rarely,192,Research & Development,10,2,Life Sciences,1,544
52,0,Travel_Rarely,1490,Research & Development,4,2,Life Sciences,1,546
42,0,Travel_Frequently,532,Research & Development,29,2,Life Sciences,1,547
30,0,Travel_Rarely,317,Research & Development,2,3,Life Sciences,1,548
60,0,Travel_Rarely,422,Research & Development,7,3,Life Sciences,1,549
46,0,Travel_Rarely,1485,Research & Development,18,3,Medical,1,550
42,0,Travel_Frequently,1368,Research & Development,28,4,Technical Degree,1,551
24,1,Travel_Rarely,1448,Sales,1,1,Technical Degree,1,554
34,1,Travel_Frequently,296,Sales,6,2,Marketing,1,555
38,0,Travel_Frequently,1490,Research & Development,2,2,Life Sciences,1,556
40,0,Travel_Rarely,1398,Sales,2,4,Life Sciences,1,558
26,0,Travel_Rarely,1349,Research & Development,23,3,Life Sciences,1,560
30,0,Non-Travel,1400,Research & Development,3,3,Life Sciences,1,562
29,0,Travel_Rarely,986,Research & Development,3,4,Medical,1,564
29,1,Travel_Rarely,408,Research & Development,25,5,Technical Degree,1,565
19,1,Travel_Rarely,489,Human Resources,2,2,Technical Degree,1,566
30,0,Non-Travel,1398,Sales,22,4,Other,1,567
57,0,Travel_Rarely,210,Sales,29,3,Marketing,1,568
50,0,Travel_Rarely,1099,Research & Development,29,4,Life Sciences,1,569
30,0,Non-Travel,1116,Research & Development,2,3,Medical,1,571
60,0,Travel_Frequently,1499,Sales,28,3,Marketing,1,573
47,0,Travel_Rarely,983,Research & Development,2,2,Medical,1,574
46,0,Travel_Rarely,1009,Research & Development,2,3,Life Sciences,1,575
35,0,Travel_Rarely,144,Research & Development,22,3,Life Sciences,1,577
54,0,Travel_Rarely,548,Research & Development,8,4,Life Sciences,1,578
34,0,Travel_Rarely,1303,Research & Development,2,4,Life Sciences,1,579
46,0,Travel_Rarely,1125,Sales,10,3,Marketing,1,580
31,0,Travel_Rarely,1274,Research & Development,9,1,Life Sciences,1,581
33,1,Travel_Rarely,1277,Research & Development,15,1,Medical,1,582
33,1,Travel_Rarely,587,Research & Development,10,1,Medical,1,584
30,0,Travel_Rarely,413,Sales,7,1,Marketing,1,585
35,0,Travel_Rarely,1276,Research & Development,16,3,Life Sciences,1,586
31,1,Travel_Frequently,534,Research & Development,20,3,Life Sciences,1,587
34,1,Travel_Frequently,988,Human Resources,23,3,Human Resources,1,590
42,0,Travel_Frequently,1474,Research & Development,5,2,Other,1,591
36,0,Non-Travel,635,Sales,10,4,Medical,1,592
22,1,Travel_Frequently,1368,Research & Development,4,1,Technical Degree,1,593
48,0,Travel_Rarely,163,Sales,2,5,Marketing,1,595
55,0,Travel_Rarely,1117,Sales,18,5,Life Sciences,1,597
41,0,Non-Travel,267,Sales,10,2,Life Sciences,1,599
35,0,Travel_Rarely,619,Sales,1,3,Marketing,1,600
40,0,Travel_Rarely,302,Research & Development,6,3,Life Sciences,1,601
39,0,Travel_Frequently,443,Research & Development,8,1,Life Sciences,1,602
31,0,Travel_Rarely,828,Sales,2,1,Life Sciences,1,604
42,0,Travel_Rarely,319,Research & Development,24,3,Medical,1,605
45,0,Travel_Rarely,561,Sales,2,3,Other,1,606
26,1,Travel_Frequently,426,Human Resources,17,4,Life Sciences,1,608
29,0,Travel_Rarely,232,Research & Development,19,3,Technical Degree,1,611
33,0,Travel_Rarely,922,Research & Development,1,5,Medical,1,612
31,0,Travel_Rarely,688,Sales,7,3,Life Sciences,1,613
18,1,Travel_Frequently,1306,Sales,5,3,Marketing,1,614
40,0,Non-Travel,1094,Sales,28,3,Other,1,615
41,0,Non-Travel,509,Research & Development,2,4,Other,1,616
26,0,Travel_Rarely,775,Sales,29,2,Medical,1,618
35,0,Travel_Rarely,195,Sales,1,3,Medical,1,620
34,0,Travel_Rarely,258,Sales,21,4,Life Sciences,1,621
26,1,Travel_Rarely,471,Research & Development,24,3,Technical Degree,1,622
37,0,Travel_Rarely,799,Research & Development,1,3,Technical Degree,1,623
46,0,Travel_Frequently,1034,Research & Development,18,1,Medical,1,624
41,0,Travel_Rarely,1276,Sales,2,5,Life Sciences,1,625
37,0,Non-Travel,142,Sales,9,4,Medical,1,626
52,0,Travel_Rarely,956,Research & Development,6,2,Technical Degree,1,630
32,1,Non-Travel,1474,Sales,11,4,Other,1,631
24,0,Travel_Frequently,535,Sales,24,3,Medical,1,632
38,0,Travel_Rarely,1495,Research & Development,10,3,Medical,1,634
37,0,Travel_Rarely,446,Research & Development,1,4,Life Sciences,1,635
49,0,Travel_Rarely,1245,Research & Development,18,4,Life Sciences,1,638
24,0,Travel_Rarely,691,Research & Development,23,3,Medical,1,639
26,0,Travel_Rarely,703,Sales,28,2,Marketing,1,641
24,0,Travel_Rarely,823,Research & Development,17,2,Other,1,643
50,0,Travel_Frequently,1246,Human Resources,3,3,Medical,1,644
25,0,Travel_Rarely,622,Sales,13,1,Medical,1,645
24,1,Travel_Frequently,1287,Research & Development,7,3,Life Sciences,1,647
30,1,Travel_Frequently,448,Sales,12,4,Life Sciences,1,648
34,0,Travel_Rarely,254,Research & Development,1,2,Life Sciences,1,649
31,1,Travel_Rarely,1365,Sales,13,4,Medical,1,650
35,0,Travel_Rarely,538,Research & Development,25,2,Other,1,652
31,0,Travel_Rarely,525,Sales,6,4,Medical,1,653
27,0,Travel_Rarely,798,Research & Development,6,4,Medical,1,655
37,0,Travel_Rarely,558,Sales,2,3,Marketing,1,656
20,0,Travel_Rarely,959,Research & Development,1,3,Life Sciences,1,657
42,0,Travel_Rarely,622,Research & Development,2,4,Life Sciences,1,659
43,0,Travel_Rarely,782,Research & Development,6,4,Other,1,661
38,0,Travel_Rarely,362,Research & Development,1,1,Life Sciences,1,662
43,0,Travel_Frequently,1001,Research & Development,9,5,Medical,1,663
48,0,Travel_Rarely,1236,Research & Development,1,4,Life Sciences,1,664
44,0,Travel_Rarely,1112,Human Resources,1,4,Life Sciences,1,665
34,0,Travel_Rarely,204,Sales,14,3,Technical Degree,1,666
27,1,Travel_Rarely,1420,Sales,2,1,Marketing,1,667
21,0,Travel_Rarely,1343,Sales,22,1,Technical Degree,1,669
44,0,Travel_Rarely,1315,Research & Development,3,4,Other,1,671
22,0,Travel_Rarely,604,Research & Development,6,1,Medical,1,675
33,0,Travel_Rarely,1216,Sales,8,4,Marketing,1,677
32,0,Travel_Rarely,646,Research & Development,9,4,Life Sciences,1,679
30,0,Travel_Frequently,160,Research & Development,3,3,Medical,1,680
53,0,Travel_Rarely,238,Sales,1,1,Medical,1,682
34,0,Travel_Rarely,1397,Research & Development,1,5,Life Sciences,1,683
45,1,Travel_Frequently,306,Sales,26,4,Life Sciences,1,684
26,0,Travel_Rarely,991,Research & Development,6,3,Life Sciences,1,686
37,0,Travel_Rarely,482,Research & Development,3,3,Other,1,689
29,0,Travel_Rarely,1176,Sales,3,2,Medical,1,690
35,0,Travel_Rarely,1017,Research & Development,6,4,Life Sciences,1,691
33,0,Travel_Frequently,1296,Research & Development,6,3,Life Sciences,1,692
54,0,Travel_Rarely,397,Human Resources,19,4,Medical,1,698
36,0,Travel_Rarely,913,Research & Development,9,2,Medical,1,699
27,0,Travel_Rarely,1115,Research & Development,3,4,Medical,1,700
20,1,Travel_Rarely,1362,Research & Development,10,1,Medical,1,701
33,1,Travel_Frequently,1076,Research & Development,3,3,Life Sciences,1,702
35,0,Non-Travel,727,Research & Development,3,3,Life Sciences,1,704
23,0,Travel_Rarely,885,Research & Development,4,3,Medical,1,705
25,0,Travel_Rarely,810,Sales,8,3,Life Sciences,1,707
38,0,Travel_Rarely,243,Sales,7,4,Marketing,1,709
29,0,Travel_Frequently,806,Research & Development,1,4,Life Sciences,1,710
48,0,Travel_Rarely,817,Sales,2,1,Marketing,1,712
27,0,Travel_Frequently,1410,Sales,3,1,Medical,1,714
37,0,Travel_Rarely,1225,Research & Development,10,2,Life Sciences,1,715
50,0,Travel_Rarely,1207,Research & Development,28,1,Medical,1,716
34,0,Travel_Rarely,1442,Research & Development,9,3,Medical,1,717
24,1,Travel_Rarely,693,Sales,3,2,Life Sciences,1,720
39,0,Travel_Rarely,408,Research & Development,2,4,Technical Degree,1,721
32,0,Travel_Rarely,929,Sales,10,3,Marketing,1,722
50,1,Travel_Frequently,562,Sales,8,2,Technical Degree,1,723
38,0,Travel_Rarely,827,Research & Development,1,4,Life Sciences,1,724
27,0,Travel_Rarely,608,Research & Development,1,2,Life Sciences,1,725
32,0,Travel_Rarely,1018,Research & Development,3,2,Life Sciences,1,727
47,0,Travel_Rarely,703,Sales,14,4,Marketing,1,728
40,0,Travel_Frequently,580,Sales,5,4,Life Sciences,1,729
53,0,Travel_Rarely,970,Research & Development,7,3,Life Sciences,1,730
41,0,Travel_Rarely,427,Human Resources,10,4,Human Resources,1,731
60,0,Travel_Rarely,1179,Sales,16,4,Marketing,1,732
27,0,Travel_Frequently,294,Research & Development,10,2,Life Sciences,1,733
41,0,Travel_Rarely,314,Human Resources,1,3,Human Resources,1,734
50,0,Travel_Rarely,316,Sales,8,4,Marketing,1,738
28,1,Travel_Rarely,654,Research & Development,1,2,Life Sciences,1,741
36,0,Non-Travel,427,Research & Development,8,3,Life Sciences,1,742
38,0,Travel_Rarely,168,Research & Development,1,3,Life Sciences,1,743
44,0,Non-Travel,381,Research & Development,24,3,Medical,1,744
47,0,Travel_Frequently,217,Sales,3,3,Medical,1,746
30,0,Travel_Rarely,501,Sales,27,5,Marketing,1,747
29,0,Travel_Rarely,1396,Sales,10,3,Life Sciences,1,749
42,1,Travel_Frequently,933,Research & Development,19,3,Medical,1,752
43,0,Travel_Frequently,775,Sales,15,3,Life Sciences,1,754
34,0,Travel_Rarely,970,Research & Development,8,2,Medical,1,757
23,0,Travel_Rarely,650,Research & Development,9,1,Medical,1,758
39,0,Travel_Rarely,141,Human Resources,3,3,Human Resources,1,760
56,0,Travel_Rarely,832,Research & Development,9,3,Medical,1,762
40,0,Travel_Rarely,804,Research & Development,2,1,Medical,1,763
27,0,Travel_Rarely,975,Research & Development,7,3,Medical,1,764
29,0,Travel_Rarely,1090,Sales,10,3,Marketing,1,766
53,0,Travel_Rarely,346,Research & Development,6,3,Life Sciences,1,769
35,0,Non-Travel,1225,Research & Development,2,4,Life Sciences,1,771
32,0,Travel_Frequently,430,Research & Development,24,4,Life Sciences,1,772
38,0,Travel_Rarely,268,Research & Development,2,5,Medical,1,773
34,0,Travel_Rarely,167,Research & Development,8,5,Life Sciences,1,775
52,0,Travel_Rarely,621,Sales,3,4,Marketing,1,776
33,1,Travel_Rarely,527,Research & Development,1,4,Other,1,780
25,0,Travel_Rarely,883,Sales,26,1,Medical,1,781
45,0,Travel_Rarely,954,Sales,2,2,Technical Degree,1,783
23,0,Travel_Rarely,310,Research & Development,10,1,Medical,1,784
47,1,Travel_Frequently,719,Sales,27,2,Life Sciences,1,785
34,0,Travel_Rarely,304,Sales,2,3,Other,1,786
55,1,Travel_Rarely,725,Research & Development,2,3,Medical,1,787
36,0,Non-Travel,1434,Sales,8,4,Life Sciences,1,789
52,0,Non-Travel,715,Research & Development,19,4,Medical,1,791
26,0,Travel_Frequently,575,Research & Development,1,2,Life Sciences,1,792
29,0,Travel_Rarely,657,Research & Development,27,3,Medical,1,793
26,1,Travel_Rarely,1146,Sales,8,3,Technical Degree,1,796
34,0,Travel_Rarely,182,Research & Development,1,4,Life Sciences,1,797
54,0,Travel_Rarely,376,Research & Development,19,4,Medical,1,799
27,0,Travel_Frequently,829,Sales,8,1,Marketing,1,800
37,0,Travel_Rarely,571,Research & Development,10,1,Life Sciences,1,802
38,0,Travel_Frequently,240,Research & Development,2,4,Life Sciences,1,803
34,0,Travel_Rarely,121,Research & Development,2,4,Medical,1,804
35,0,Travel_Rarely,384,Sales,8,4,Life Sciences,1,805
30,0,Travel_Rarely,921,Research & Development,1,3,Life Sciences,1,806
40,0,Travel_Frequently,791,Research & Development,2,2,Medical,1,807
34,0,Travel_Rarely,1111,Sales,8,2,Life Sciences,1,808
42,0,Travel_Frequently,570,Research & Development,8,3,Life Sciences,1,809
23,1,Travel_Rarely,1243,Research & Development,6,3,Life Sciences,1,811
24,0,Non-Travel,1092,Research & Development,9,3,Life Sciences,1,812
52,0,Travel_Rarely,1325,Research & Development,11,4,Life Sciences,1,813
50,0,Travel_Rarely,691,Research & Development,2,3,Medical,1,815
29,1,Travel_Rarely,805,Research & Development,1,2,Life Sciences,1,816
33,0,Travel_Rarely,213,Research & Development,7,3,Medical,1,817
33,1,Travel_Rarely,118,Sales,16,3,Marketing,1,819
47,0,Travel_Rarely,202,Research & Development,2,2,Other,1,820
36,0,Travel_Rarely,676,Research & Development,1,3,Other,1,823
29,0,Travel_Rarely,1252,Research & Development,23,2,Life Sciences,1,824
58,1,Travel_Rarely,286,Research & Development,2,4,Life Sciences,1,825
35,0,Travel_Rarely,1258,Research & Development,1,4,Life Sciences,1,826
42,0,Travel_Rarely,932,Research & Development,1,2,Life Sciences,1,827
28,1,Travel_Rarely,890,Research & Development,2,4,Medical,1,828
36,0,Travel_Rarely,1041,Human Resources,13,3,Human Resources,1,829
32,0,Travel_Rarely,859,Research & Development,4,3,Life Sciences,1,830
40,0,Travel_Frequently,720,Research & Development,16,4,Medical,1,832
30,0,Travel_Rarely,946,Research & Development,2,3,Medical,1,833
45,0,Travel_Rarely,252,Research & Development,2,3,Life Sciences,1,834
42,0,Travel_Rarely,933,Research & Development,29,3,Life Sciences,1,836
38,0,Travel_Frequently,471,Research & Development,12,3,Life Sciences,1,837
34,0,Travel_Frequently,702,Research & Development,16,4,Life Sciences,1,838
49,1,Travel_Rarely,1184,Sales,11,3,Marketing,1,840
55,1,Travel_Rarely,436,Sales,2,1,Medical,1,842
43,0,Travel_Rarely,589,Research & Development,14,2,Life Sciences,1,843
27,0,Travel_Rarely,269,Research & Development,5,1,Technical Degree,1,844
35,0,Travel_Rarely,950,Research & Development,7,3,Other,1,845
28,0,Travel_Rarely,760,Sales,2,4,Marketing,1,846
34,0,Travel_Rarely,829,Human Resources,3,2,Human Resources,1,847
26,1,Travel_Frequently,887,Research & Development,5,2,Medical,1,848
27,0,Non-Travel,443,Research & Development,3,3,Medical,1,850
51,0,Travel_Rarely,1318,Sales,26,4,Marketing,1,851
44,0,Travel_Rarely,625,Research & Development,4,3,Medical,1,852
25,0,Travel_Rarely,180,Research & Development,2,1,Medical,1,854
33,0,Travel_Rarely,586,Sales,1,3,Medical,1,855
35,0,Travel_Rarely,1343,Research & Development,27,1,Medical,1,856
36,0,Travel_Rarely,928,Sales,1,2,Life Sciences,1,857
32,0,Travel_Rarely,117,Sales,13,4,Life Sciences,1,859
30,0,Travel_Frequently,1012,Research & Development,5,4,Life Sciences,1,861
53,0,Travel_Rarely,661,Sales,7,2,Marketing,1,862
45,0,Travel_Rarely,930,Sales,9,3,Marketing,1,864
32,0,Travel_Rarely,638,Research & Development,8,2,Medical,1,865
52,0,Travel_Frequently,890,Research & Development,25,4,Medical,1,867
37,0,Travel_Rarely,342,Sales,16,4,Marketing,1,868
28,0,Travel_Rarely,1169,Human Resources,8,2,Medical,1,869
22,0,Travel_Rarely,1230,Research & Development,1,2,Life Sciences,1,872
44,0,Travel_Rarely,986,Research & Development,8,4,Life Sciences,1,874
42,0,Travel_Frequently,1271,Research & Development,2,1,Medical,1,875
36,0,Travel_Rarely,1278,Human Resources,8,3,Life Sciences,1,878
25,0,Travel_Rarely,141,Sales,3,1,Other,1,879
35,0,Travel_Rarely,607,Research & Development,9,3,Life Sciences,1,880
35,1,Travel_Frequently,130,Research & Development,25,4,Life Sciences,1,881
32,0,Non-Travel,300,Research & Development,1,3,Life Sciences,1,882
25,0,Travel_Rarely,583,Sales,4,1,Marketing,1,885
49,0,Travel_Rarely,1418,Research & Development,1,3,Technical Degree,1,887
24,0,Non-Travel,1269,Research & Development,4,1,Life Sciences,1,888
32,0,Travel_Frequently,379,Sales,5,2,Life Sciences,1,889
38,0,Travel_Rarely,395,Sales,9,3,Marketing,1,893
42,0,Travel_Rarely,1265,Research & Development,3,3,Life Sciences,1,894
31,0,Travel_Rarely,1222,Research & Development,11,4,Life Sciences,1,895
29,1,Travel_Rarely,341,Sales,1,3,Medical,1,896
53,0,Travel_Rarely,868,Sales,8,3,Marketing,1,897
35,0,Travel_Rarely,672,Research & Development,25,3,Technical Degree,1,899
37,0,Travel_Frequently,1231,Sales,21,2,Medical,1,900
53,0,Travel_Rarely,102,Research & Development,23,4,Life Sciences,1,901
43,0,Travel_Frequently,422,Research & Development,1,3,Life Sciences,1,902
47,0,Travel_Rarely,249,Sales,2,2,Marketing,1,903
37,0,Non-Travel,1252,Sales,19,2,Medical,1,904
50,0,Non-Travel,881,Research & Development,2,4,Life Sciences,1,905
39,0,Travel_Rarely,1383,Human Resources,2,3,Life Sciences,1,909
33,0,Travel_Rarely,1075,Human Resources,3,2,Human Resources,1,910
32,1,Travel_Rarely,374,Research & Development,25,4,Life Sciences,1,911
29,0,Travel_Rarely,1086,Research & Development,7,1,Medical,1,912
44,0,Travel_Rarely,661,Research & Development,9,2,Life Sciences,1,913
28,0,Travel_Rarely,821,Sales,5,4,Medical,1,916
58,1,Travel_Frequently,781,Research & Development,2,1,Life Sciences,1,918
43,0,Travel_Rarely,177,Research & Development,8,3,Life Sciences,1,920
20,1,Travel_Rarely,500,Sales,2,3,Medical,1,922
21,1,Travel_Rarely,1427,Research & Development,18,1,Other,1,923
36,0,Travel_Rarely,1425,Research & Development,14,1,Life Sciences,1,924
47,0,Travel_Rarely,1454,Sales,2,4,Life Sciences,1,925
22,1,Travel_Rarely,617,Research & Development,3,1,Life Sciences,1,926
41,1,Travel_Rarely,1085,Research & Development,2,4,Life Sciences,1,927
28,0,Travel_Rarely,995,Research & Development,9,3,Medical,1,930
39,1,Travel_Rarely,1122,Research & Development,6,3,Medical,1,932
27,0,Travel_Rarely,618,Research & Development,4,3,Life Sciences,1,933
34,0,Travel_Rarely,546,Research & Development,10,3,Life Sciences,1,934
42,0,Travel_Rarely,462,Sales,14,2,Medical,1,936
33,0,Travel_Rarely,1198,Research & Development,1,4,Other,1,939
58,0,Travel_Rarely,1272,Research & Development,5,3,Technical Degree,1,940
31,0,Travel_Rarely,154,Sales,7,4,Life Sciences,1,941
35,0,Travel_Rarely,1137,Research & Development,21,1,Life Sciences,1,942
49,0,Travel_Rarely,527,Research & Development,8,2,Other,1,944
48,0,Travel_Rarely,1469,Research & Development,20,4,Medical,1,945
31,0,Non-Travel,1188,Sales,20,2,Marketing,1,947
36,0,Travel_Rarely,188,Research & Development,7,4,Other,1,949
38,0,Travel_Rarely,1333,Research & Development,1,3,Technical Degree,1,950
32,0,Non-Travel,1184,Research & Development,1,3,Life Sciences,1,951
25,1,Travel_Rarely,867,Sales,19,2,Marketing,1,952
40,0,Travel_Rarely,658,Sales,10,4,Marketing,1,954
26,0,Travel_Frequently,1283,Sales,1,3,Medical,1,956
41,0,Travel_Rarely,263,Research & Development,6,3,Medical,1,957
36,0,Travel_Rarely,938,Research & Development,2,4,Medical,1,958
19,1,Travel_Rarely,419,Sales,21,3,Other,1,959
20,1,Travel_Rarely,129,Research & Development,4,3,Technical Degree,1,960
31,0,Travel_Rarely,616,Research & Development,12,3,Medical,1,961
40,0,Travel_Frequently,1469,Research & Development,9,4,Medical,1,964
32,0,Travel_Rarely,498,Research & Development,3,4,Medical,1,966
36,1,Travel_Rarely,530,Sales,3,1,Life Sciences,1,967
33,0,Travel_Rarely,1069,Research & Development,1,3,Life Sciences,1,969
37,1,Travel_Rarely,625,Sales,1,4,Life Sciences,1,970
45,0,Non-Travel,805,Research & Development,4,2,Life Sciences,1,972
29,0,Travel_Frequently,1404,Sales,20,3,Technical Degree,1,974
35,0,Travel_Rarely,1219,Sales,18,3,Medical,1,975
52,0,Travel_Rarely,1053,Research & Development,1,2,Life Sciences,1,976
58,1,Travel_Rarely,289,Research & Development,2,3,Technical Degree,1,977
53,0,Travel_Rarely,1376,Sales,2,2,Medical,1,981
30,0,Travel_Rarely,231,Sales,8,2,Other,1,982
38,0,Non-Travel,152,Sales,10,3,Technical Degree,1,983
35,0,Travel_Rarely,882,Sales,3,4,Life Sciences,1,984
39,0,Travel_Rarely,903,Sales,2,5,Life Sciences,1,985
40,1,Non-Travel,1479,Sales,24,3,Life Sciences,1,986
47,0,Travel_Frequently,1379,Research & Development,16,4,Medical,1,987
36,0,Non-Travel,1229,Sales,8,4,Technical Degree,1,990
31,1,Non-Travel,335,Research & Development,9,2,Medical,1,991
33,0,Non-Travel,722,Sales,17,3,Life Sciences,1,992
29,1,Travel_Rarely,906,Research & Development,10,3,Life Sciences,1,994
33,0,Travel_Rarely,461,Research & Development,13,1,Life Sciences,1,995
45,0,Travel_Rarely,974,Research & Development,1,4,Medical,1,996
50,0,Travel_Rarely,1126,Research & Development,1,2,Medical,1,997
33,0,Travel_Frequently,827,Research & Development,1,4,Other,1,998
41,0,Travel_Frequently,840,Research & Development,9,3,Medical,1,999
27,0,Travel_Rarely,1134,Research & Development,16,4,Technical Degree,1,1001
45,0,Non-Travel,248,Research & Development,23,2,Life Sciences,1,1002
47,0,Travel_Rarely,955,Sales,4,2,Life Sciences,1,1003
30,1,Travel_Rarely,138,Research & Development,22,3,Life Sciences,1,1004
50,0,Travel_Rarely,939,Research & Development,24,3,Life Sciences,1,1005
38,0,Travel_Frequently,1391,Research & Development,10,1,Medical,1,1006
46,0,Travel_Rarely,566,Research & Development,7,2,Medical,1,1007
24,0,Travel_Rarely,1206,Research & Development,17,1,Medical,1,1009
35,1,Travel_Rarely,622,Research & Development,14,4,Other,1,1010
31,0,Travel_Frequently,853,Research & Development,1,1,Life Sciences,1,1011
18,0,Non-Travel,287,Research & Development,5,2,Life Sciences,1,1012
54,0,Travel_Rarely,1441,Research & Development,17,3,Technical Degree,1,1013
35,0,Travel_Rarely,583,Research & Development,25,4,Medical,1,1014
30,0,Travel_Rarely,153,Research & Development,8,2,Life Sciences,1,1015
20,1,Travel_Rarely,1097,Research & Development,11,3,Medical,1,1016
30,1,Travel_Frequently,109,Research & Development,5,3,Medical,1,1017
26,0,Travel_Rarely,1066,Research & Development,2,2,Medical,1,1018
22,0,Travel_Rarely,217,Research & Development,8,1,Life Sciences,1,1019
48,0,Travel_Rarely,277,Research & Development,6,3,Life Sciences,1,1022
48,0,Travel_Rarely,1355,Research & Development,4,4,Life Sciences,1,1024
41,0,Travel_Rarely,549,Research & Development,7,2,Medical,1,1025
39,0,Travel_Rarely,466,Research & Development,1,1,Life Sciences,1,1026
27,0,Travel_Rarely,1055,Research & Development,2,4,Life Sciences,1,1027
35,0,Travel_Rarely,802,Research & Development,10,3,Other,1,1028
42,0,Travel_Rarely,265,Sales,5,2,Marketing,1,1029
50,0,Travel_Rarely,804,Research & Development,9,3,Life Sciences,1,1030
59,0,Travel_Rarely,715,Research & Development,2,3,Life Sciences,1,1032
37,1,Travel_Rarely,1141,Research & Development,11,2,Medical,1,1033
55,0,Travel_Frequently,135,Research & Development,18,4,Medical,1,1034
41,0,Non-Travel,247,Research & Development,7,1,Life Sciences,1,1035
38,0,Travel_Rarely,1035,Sales,3,4,Life Sciences,1,1036
26,1,Non-Travel,265,Sales,29,2,Medical,1,1037
52,1,Travel_Rarely,266,Sales,2,1,Marketing,1,1038
44,0,Travel_Rarely,1448,Sales,28,3,Medical,1,1039
50,0,Non-Travel,145,Sales,1,3,Life Sciences,1,1040
36,1,Travel_Rarely,885,Research & Development,16,4,Life Sciences,1,1042
39,0,Travel_Frequently,945,Research & Development,22,3,Medical,1,1043
33,0,Non-Travel,1038,Sales,8,1,Life Sciences,1,1044
45,0,Travel_Rarely,1234,Sales,11,2,Life Sciences,1,1045
32,0,Non-Travel,1109,Research & Development,29,4,Medical,1,1046
34,0,Travel_Rarely,216,Sales,1,4,Marketing,1,1047
59,0,Travel_Rarely,1089,Sales,1,2,Technical Degree,1,1048
45,0,Travel_Rarely,788,Human Resources,24,4,Medical,1,1049
53,0,Travel_Frequently,124,Sales,2,3,Marketing,1,1050
36,1,Travel_Rarely,660,Research & Development,15,3,Other,1,1052
26,1,Travel_Frequently,342,Research & Development,2,3,Life Sciences,1,1053
34,0,Travel_Rarely,1333,Sales,10,4,Life Sciences,1,1055
28,0,Travel_Rarely,1144,Sales,10,1,Medical,1,1056
38,0,Travel_Frequently,1186,Research & Development,3,4,Other,1,1060
50,0,Travel_Rarely,1464,Research & Development,2,4,Medical,1,1061
37,0,Travel_Rarely,124,Research & Development,3,3,Other,1,1062
40,0,Travel_Rarely,300,Sales,26,3,Marketing,1,1066
26,0,Travel_Frequently,921,Research & Development,1,1,Medical,1,1068
46,0,Travel_Rarely,430,Research & Development,1,4,Medical,1,1069
54,0,Travel_Rarely,1082,Sales,2,4,Life Sciences,1,1070
56,0,Travel_Frequently,1240,Research & Development,9,3,Medical,1,1071
36,0,Travel_Rarely,796,Research & Development,12,5,Medical,1,1073
55,0,Non-Travel,444,Research & Development,2,1,Medical,1,1074
43,0,Travel_Rarely,415,Sales,25,3,Medical,1,1076
20,1,Travel_Frequently,769,Sales,9,3,Marketing,1,1077
21,1,Travel_Rarely,1334,Research & Development,10,3,Life Sciences,1,1079
46,0,Travel_Rarely,1003,Research & Development,8,4,Life Sciences,1,1080
51,1,Travel_Rarely,1323,Research & Development,4,4,Life Sciences,1,1081
28,1,Non-Travel,1366,Research & Development,24,2,Technical Degree,1,1082
26,0,Travel_Rarely,192,Research & Development,1,2,Medical,1,1083
30,0,Travel_Rarely,1176,Research & Development,20,3,Other,1,1084
41,0,Travel_Rarely,509,Research & Development,7,2,Technical Degree,1,1085
38,0,Travel_Rarely,330,Research & Development,17,1,Life Sciences,1,1088
40,0,Travel_Rarely,1492,Research & Development,20,4,Technical Degree,1,1092
27,0,Non-Travel,1277,Research & Development,8,5,Life Sciences,1,1094
55,0,Travel_Frequently,1091,Research & Development,2,1,Life Sciences,1,1096
28,0,Travel_Rarely,857,Research & Development,10,3,Other,1,1097
44,1,Travel_Rarely,1376,Human Resources,1,2,Medical,1,1098
33,0,Travel_Rarely,654,Research & Development,5,3,Life Sciences,1,1099
35,1,Travel_Rarely,1204,Sales,4,3,Technical Degree,1,1100
33,1,Travel_Frequently,827,Research & Development,29,4,Medical,1,1101
28,0,Travel_Rarely,895,Research & Development,15,2,Life Sciences,1,1102
34,0,Travel_Frequently,618,Research & Development,3,1,Life Sciences,1,1103
37,0,Travel_Rarely,309,Sales,10,4,Life Sciences,1,1105
25,1,Travel_Rarely,1219,Research & Development,4,1,Technical Degree,1,1106
26,1,Travel_Rarely,1330,Research & Development,21,3,Medical,1,1107
33,1,Travel_Rarely,1017,Research & Development,25,3,Medical,1,1108
42,0,Travel_Rarely,469,Research & Development,2,2,Medical,1,1109
28,1,Travel_Frequently,1009,Research & Development,1,3,Medical,1,1111
50,1,Travel_Frequently,959,Sales,1,4,Other,1,1113
33,0,Travel_Frequently,970,Sales,7,3,Life Sciences,1,1114
34,0,Non-Travel,697,Research & Development,3,4,Life Sciences,1,1115
48,0,Non-Travel,1262,Research & Development,1,4,Medical,1,1116
45,0,Non-Travel,1050,Sales,9,4,Life Sciences,1,1117
52,0,Travel_Rarely,994,Research & Development,7,4,Life Sciences,1,1118
38,0,Travel_Rarely,770,Sales,10,4,Marketing,1,1119
29,0,Travel_Rarely,1107,Research & Development,28,4,Life Sciences,1,1120
28,0,Travel_Rarely,950,Research & Development,3,3,Medical,1,1121
46,0,Travel_Rarely,406,Sales,3,1,Marketing,1,1124
38,0,Travel_Rarely,130,Sales,2,2,Marketing,1,1125
43,0,Travel_Frequently,1082,Research & Development,27,3,Life Sciences,1,1126
39,1,Travel_Frequently,203,Research & Development,2,3,Life Sciences,1,1127
40,0,Travel_Rarely,1308,Research & Development,14,3,Medical,1,1128
21,0,Travel_Rarely,984,Research & Development,1,1,Technical Degree,1,1131
39,0,Non-Travel,439,Research & Development,9,3,Life Sciences,1,1132
36,0,Non-Travel,217,Research & Development,18,4,Life Sciences,1,1133
31,0,Travel_Frequently,793,Sales,20,3,Life Sciences,1,1135
28,0,Travel_Rarely,1451,Research & Development,2,1,Life Sciences,1,1136
35,0,Travel_Frequently,1182,Sales,11,2,Marketing,1,1137
49,0,Travel_Rarely,174,Sales,8,4,Technical Degree,1,1138
34,0,Travel_Frequently,1003,Research & Development,2,2,Life Sciences,1,1140
29,0,Travel_Frequently,490,Research & Development,10,3,Life Sciences,1,1143
42,0,Travel_Rarely,188,Research & Development,29,3,Medical,1,1148
29,0,Travel_Rarely,718,Research & Development,8,1,Medical,1,1150
38,0,Travel_Rarely,433,Human Resources,1,3,Human Resources,1,1152
28,0,Travel_Frequently,773,Research & Development,6,3,Life Sciences,1,1154
18,1,Non-Travel,247,Research & Development,8,1,Medical,1,1156
33,1,Travel_Rarely,603,Sales,9,4,Marketing,1,1157
41,0,Travel_Rarely,167,Research & Development,12,4,Life Sciences,1,1158
31,1,Travel_Frequently,874,Research & Development,15,3,Medical,1,1160
37,0,Travel_Rarely,367,Research & Development,25,2,Medical,1,1161
27,0,Travel_Rarely,199,Research & Development,6,3,Life Sciences,1,1162
34,0,Travel_Rarely,1400,Sales,9,1,Life Sciences,1,1163
35,0,Travel_Rarely,528,Human Resources,8,4,Technical Degree,1,1164
29,1,Travel_Rarely,408,Sales,23,1,Life Sciences,1,1165
40,0,Travel_Frequently,593,Research & Development,9,4,Medical,1,1166
42,1,Travel_Frequently,481,Sales,12,3,Life Sciences,1,1167
42,0,Travel_Rarely,647,Sales,4,4,Marketing,1,1171
35,0,Travel_Rarely,982,Research & Development,1,4,Medical,1,1172
24,0,Travel_Rarely,477,Research & Development,24,3,Medical,1,1173
28,1,Travel_Rarely,1485,Research & Development,12,1,Life Sciences,1,1175
26,0,Travel_Rarely,1384,Research & Development,3,4,Medical,1,1177
30,0,Travel_Rarely,852,Sales,10,3,Marketing,1,1179
40,0,Travel_Frequently,902,Research & Development,26,2,Medical,1,1180
35,0,Travel_Rarely,819,Research & Development,2,3,Life Sciences,1,1182
34,0,Travel_Frequently,669,Research & Development,1,3,Medical,1,1184
35,0,Travel_Frequently,636,Research & Development,4,4,Other,1,1185
43,1,Travel_Rarely,1372,Sales,9,3,Marketing,1,1188
32,0,Non-Travel,862,Sales,2,1,Life Sciences,1,1190
56,0,Travel_Rarely,718,Research & Development,4,4,Technical Degree,1,1191
29,0,Travel_Rarely,1401,Research & Development,6,1,Medical,1,1192
19,0,Travel_Rarely,645,Research & Development,9,2,Life Sciences,1,1193
45,0,Travel_Rarely,1457,Research & Development,7,3,Medical,1,1195
37,0,Travel_Rarely,977,Research & Development,1,3,Life Sciences,1,1196
20,0,Travel_Rarely,805,Research & Development,3,3,Life Sciences,1,1198
44,1,Travel_Rarely,1097,Research & Development,10,4,Life Sciences,1,1200
53,0,Travel_Rarely,1223,Research & Development,7,2,Medical,1,1201
29,0,Travel_Rarely,942,Research & Development,15,1,Life Sciences,1,1202
22,1,Travel_Frequently,1256,Research & Development,3,4,Life Sciences,1,1203
46,0,Travel_Rarely,1402,Sales,2,3,Marketing,1,1204
44,0,Non-Travel,111,Research & Development,17,3,Life Sciences,1,1206
33,0,Travel_Rarely,147,Human Resources,2,3,Human Resources,1,1207
41,1,Non-Travel,906,Research & Development,5,2,Life Sciences,1,1210
30,0,Travel_Rarely,1329,Sales,29,4,Life Sciences,1,1211
40,0,Travel_Frequently,1184,Sales,2,4,Medical,1,1212
50,0,Travel_Frequently,1421,Research & Development,2,3,Medical,1,1215
28,0,Travel_Rarely,1179,Research & Development,19,4,Medical,1,1216
46,0,Travel_Rarely,1450,Research & Development,15,2,Life Sciences,1,1217
35,0,Travel_Rarely,1361,Sales,17,4,Life Sciences,1,1218
24,1,Travel_Rarely,984,Research & Development,17,2,Life Sciences,1,1219
33,0,Travel_Frequently,1146,Sales,25,3,Medical,1,1220
36,0,Travel_Rarely,917,Research & Development,6,4,Life Sciences,1,1221
30,0,Travel_Rarely,853,Research & Development,7,4,Life Sciences,1,1224
44,0,Travel_Rarely,200,Research & Development,29,4,Other,1,1225
20,0,Travel_Rarely,654,Sales,21,3,Marketing,1,1226
46,0,Travel_Rarely,150,Research & Development,2,4,Technical Degree,1,1228
42,0,Non-Travel,179,Human Resources,2,5,Medical,1,1231
60,0,Travel_Rarely,696,Sales,7,4,Marketing,1,1233
32,0,Travel_Frequently,116,Research & Development,13,3,Other,1,1234
32,0,Travel_Frequently,1316,Research & Development,2,2,Life Sciences,1,1235
36,0,Travel_Rarely,363,Research & Development,1,3,Technical Degree,1,1237
33,0,Travel_Rarely,117,Research & Development,9,3,Medical,1,1238
40,0,Travel_Rarely,107,Sales,10,3,Technical Degree,1,1239
25,0,Travel_Rarely,1356,Sales,10,4,Life Sciences,1,1240
30,0,Travel_Rarely,1465,Research & Development,1,3,Medical,1,1241
42,0,Travel_Frequently,458,Research & Development,26,5,Medical,1,1242
35,0,Non-Travel,1212,Sales,8,2,Marketing,1,1243
27,0,Travel_Rarely,1103,Research & Development,14,3,Life Sciences,1,1244
54,0,Travel_Frequently,966,Research & Development,1,4,Life Sciences,1,1245
44,0,Travel_Rarely,1117,Research & Development,2,1,Life Sciences,1,1246
19,1,Non-Travel,504,Research & Development,10,3,Medical,1,1248
29,0,Travel_Rarely,1010,Research & Development,1,3,Life Sciences,1,1249
54,0,Travel_Rarely,685,Research & Development,3,3,Life Sciences,1,1250
31,0,Travel_Rarely,1332,Research & Development,11,2,Medical,1,1251
31,0,Travel_Rarely,1062,Research & Development,24,3,Medical,1,1252
59,0,Travel_Rarely,326,Sales,3,3,Life Sciences,1,1254
43,0,Travel_Rarely,920,Research & Development,3,3,Life Sciences,1,1255
49,0,Travel_Rarely,1098,Research & Development,4,2,Medical,1,1256
36,0,Travel_Frequently,469,Research & Development,3,3,Technical Degree,1,1257
48,0,Travel_Rarely,969,Research & Development,2,2,Technical Degree,1,1258
27,0,Travel_Rarely,1167,Research & Development,4,2,Life Sciences,1,1259
29,0,Travel_Rarely,1329,Research & Development,7,3,Life Sciences,1,1260
48,0,Travel_Rarely,715,Research & Development,1,3,Life Sciences,1,1263
29,0,Travel_Rarely,694,Research & Development,1,3,Life Sciences,1,1264
34,0,Travel_Rarely,1320,Research & Development,20,3,Technical Degree,1,1265
44,0,Travel_Rarely,1099,Sales,5,3,Marketing,1,1267
33,0,Travel_Rarely,536,Sales,10,5,Marketing,1,1268
19,0,Travel_Rarely,265,Research & Development,25,3,Life Sciences,1,1269
23,0,Travel_Rarely,373,Research & Development,1,2,Life Sciences,1,1270
25,1,Travel_Frequently,599,Sales,24,1,Life Sciences,1,1273
26,0,Travel_Rarely,583,Research & Development,4,2,Life Sciences,1,1275
45,1,Travel_Rarely,1449,Sales,2,3,Marketing,1,1277
55,0,Non-Travel,177,Research & Development,8,1,Medical,1,1278
21,1,Travel_Frequently,251,Research & Development,10,2,Life Sciences,1,1279
46,0,Travel_Rarely,168,Sales,4,2,Marketing,1,1280
34,0,Travel_Rarely,131,Sales,2,3,Marketing,1,1281
51,0,Travel_Frequently,237,Sales,9,3,Life Sciences,1,1282
59,0,Travel_Rarely,1429,Research & Development,18,4,Medical,1,1283
34,0,Travel_Frequently,135,Research & Development,19,3,Medical,1,1285
28,0,Travel_Frequently,791,Research & Development,1,4,Medical,1,1286
44,0,Travel_Rarely,1199,Research & Development,4,2,Life Sciences,1,1288
34,0,Travel_Frequently,648,Human Resources,11,3,Life Sciences,1,1289
35,0,Travel_Rarely,735,Research & Development,6,1,Life Sciences,1,1291
42,0,Travel_Rarely,603,Research & Development,7,4,Medical,1,1292
43,0,Travel_Rarely,531,Sales,4,4,Marketing,1,1293
36,0,Travel_Rarely,429,Research & Development,2,4,Life Sciences,1,1294
44,1,Travel_Rarely,621,Research & Development,15,3,Medical,1,1295
28,0,Travel_Frequently,193,Research & Development,2,3,Life Sciences,1,1296
51,0,Travel_Frequently,968,Research & Development,6,2,Medical,1,1297
30,0,Non-Travel,879,Research & Development,9,2,Medical,1,1298
29,1,Travel_Rarely,806,Research & Development,7,3,Technical Degree,1,1299
28,0,Travel_Rarely,640,Research & Development,1,3,Technical Degree,1,1301
25,0,Travel_Rarely,266,Research & Development,1,3,Medical,1,1303
32,0,Travel_Rarely,604,Sales,8,3,Medical,1,1304
45,0,Travel_Frequently,364,Research & Development,25,3,Medical,1,1306
39,0,Travel_Rarely,412,Research & Development,13,4,Medical,1,1307
58,0,Travel_Rarely,848,Research & Development,23,4,Life Sciences,1,1308
32,1,Travel_Rarely,1089,Research & Development,7,2,Life Sciences,1,1309
39,1,Travel_Rarely,360,Research & Development,23,3,Medical,1,1310
30,0,Travel_Rarely,1138,Research & Development,6,3,Technical Degree,1,1311
36,0,Travel_Rarely,325,Research & Development,10,4,Technical Degree,1,1312
46,0,Travel_Rarely,991,Human Resources,1,2,Life Sciences,1,1314
28,0,Non-Travel,1476,Research & Development,1,3,Life Sciences,1,1315
50,0,Travel_Rarely,1322,Research & Development,28,3,Life Sciences,1,1317
40,1,Travel_Rarely,299,Sales,25,4,Marketing,1,1318
52,1,Travel_Rarely,1030,Sales,5,3,Life Sciences,1,1319
30,0,Travel_Rarely,634,Research & Development,17,4,Medical,1,1321
39,0,Travel_Rarely,524,Research & Development,18,2,Life Sciences,1,1322
31,0,Non-Travel,587,Sales,2,4,Life Sciences,1,1324
41,0,Non-Travel,256,Sales,10,2,Medical,1,1329
31,1,Travel_Frequently,1060,Sales,1,3,Life Sciences,1,1331
44,1,Travel_Rarely,935,Research & Development,3,3,Life Sciences,1,1333
42,0,Non-Travel,495,Research & Development,2,1,Life Sciences,1,1334
55,0,Travel_Rarely,282,Research & Development,2,2,Medical,1,1336
56,0,Travel_Rarely,206,Human Resources,8,4,Life Sciences,1,1338
40,0,Non-Travel,458,Research & Development,16,2,Life Sciences,1,1340
34,0,Travel_Rarely,943,Research & Development,9,3,Life Sciences,1,1344
40,0,Travel_Rarely,523,Research & Development,2,3,Life Sciences,1,1346
41,0,Travel_Frequently,1018,Sales,1,3,Marketing,1,1349
35,0,Travel_Frequently,482,Research & Development,4,4,Life Sciences,1,1350
51,0,Travel_Rarely,770,Human Resources,5,3,Life Sciences,1,1352
38,0,Travel_Rarely,1009,Sales,2,2,Life Sciences,1,1355
34,0,Travel_Rarely,507,Sales,15,2,Medical,1,1356
25,0,Travel_Rarely,882,Research & Development,19,1,Medical,1,1358
58,1,Travel_Rarely,601,Research & Development,7,4,Medical,1,1360
40,0,Travel_Rarely,329,Research & Development,1,4,Life Sciences,1,1361
36,0,Travel_Frequently,607,Sales,7,3,Marketing,1,1362
48,0,Travel_Rarely,855,Research & Development,4,3,Life Sciences,1,1363
27,0,Travel_Rarely,1291,Sales,11,3,Medical,1,1364
51,0,Travel_Rarely,1405,Research & Development,11,2,Technical Degree,1,1367
18,0,Non-Travel,1124,Research & Development,1,3,Life Sciences,1,1368
35,0,Travel_Rarely,817,Research & Development,1,3,Medical,1,1369
27,0,Travel_Frequently,793,Sales,2,1,Life Sciences,1,1371
55,1,Travel_Rarely,267,Sales,13,4,Marketing,1,1372
56,0,Travel_Rarely,1369,Research & Development,23,3,Life Sciences,1,1373
34,0,Non-Travel,999,Research & Development,26,1,Technical Degree,1,1374
40,0,Travel_Rarely,1202,Research & Development,2,1,Medical,1,1375
34,0,Travel_Rarely,285,Research & Development,29,3,Medical,1,1377
31,1,Travel_Frequently,703,Sales,2,3,Life Sciences,1,1379
35,1,Travel_Frequently,662,Sales,18,4,Marketing,1,1380
38,0,Travel_Frequently,693,Research & Development,7,3,Life Sciences,1,1382
34,0,Travel_Rarely,404,Research & Development,2,4,Technical Degree,1,1383
28,0,Travel_Rarely,736,Sales,26,3,Life Sciences,1,1387
31,1,Travel_Rarely,330,Research & Development,22,4,Medical,1,1389
39,0,Travel_Rarely,1498,Sales,21,4,Life Sciences,1,1390
51,0,Travel_Frequently,541,Sales,2,3,Marketing,1,1391
41,0,Travel_Frequently,1200,Research & Development,22,3,Life Sciences,1,1392
37,0,Travel_Rarely,1439,Research & Development,4,1,Life Sciences,1,1394
33,0,Travel_Frequently,1111,Sales,5,1,Life Sciences,1,1395
32,0,Travel_Rarely,499,Sales,2,1,Marketing,1,1396
39,0,Non-Travel,1485,Research & Development,25,2,Life Sciences,1,1397
25,0,Travel_Rarely,1372,Sales,18,1,Life Sciences,1,1399
52,0,Travel_Frequently,322,Research & Development,28,2,Medical,1,1401
43,0,Travel_Rarely,930,Research & Development,6,3,Medical,1,1402
27,0,Travel_Rarely,205,Sales,10,3,Marketing,1,1403
27,1,Travel_Rarely,135,Research & Development,17,4,Life Sciences,1,1405
26,0,Travel_Rarely,683,Research & Development,2,1,Medical,1,1407
42,0,Travel_Rarely,1147,Human Resources,10,3,Human Resources,1,1408
52,0,Travel_Rarely,258,Research & Development,8,4,Other,1,1409
37,0,Travel_Rarely,1462,Research & Development,11,3,Medical,1,1411
35,0,Travel_Frequently,200,Research & Development,18,2,Life Sciences,1,1412
25,0,Travel_Rarely,949,Research & Development,1,3,Technical Degree,1,1415
26,0,Travel_Rarely,652,Research & Development,7,3,Other,1,1417
29,0,Travel_Rarely,332,Human Resources,17,3,Other,1,1419
49,1,Travel_Frequently,1475,Research & Development,28,2,Life Sciences,1,1420
29,1,Travel_Frequently,337,Research & Development,14,1,Other,1,1421
54,0,Travel_Rarely,971,Research & Development,1,3,Medical,1,1422
58,0,Travel_Rarely,1055,Research & Development,1,3,Medical,1,1423
55,0,Travel_Rarely,1136,Research & Development,1,4,Medical,1,1424
36,0,Travel_Rarely,1174,Sales,3,4,Marketing,1,1425
31,1,Travel_Frequently,667,Sales,1,4,Life Sciences,1,1427
30,0,Travel_Rarely,855,Sales,7,4,Marketing,1,1428
31,0,Travel_Rarely,182,Research & Development,8,5,Life Sciences,1,1430
34,0,Travel_Frequently,560,Research & Development,1,4,Other,1,1431
31,1,Travel_Rarely,202,Research & Development,8,3,Life Sciences,1,1433
27,0,Travel_Rarely,1377,Research & Development,11,1,Life Sciences,1,1434
36,0,Travel_Rarely,172,Research & Development,4,4,Life Sciences,1,1435
36,0,Travel_Rarely,329,Sales,16,4,Marketing,1,1436
47,0,Travel_Rarely,465,Research & Development,1,3,Technical Degree,1,1438
25,1,Travel_Rarely,383,Sales,9,2,Life Sciences,1,1439
37,0,Non-Travel,1413,Research & Development,5,2,Technical Degree,1,1440
56,0,Travel_Rarely,1255,Research & Development,1,2,Life Sciences,1,1441
47,0,Travel_Rarely,359,Research & Development,2,4,Medical,1,1443
24,0,Travel_Rarely,1476,Sales,4,1,Medical,1,1445
32,0,Travel_Rarely,601,Sales,7,5,Marketing,1,1446
34,0,Travel_Rarely,401,Research & Development,1,3,Life Sciences,1,1447
41,0,Travel_Rarely,1283,Research & Development,5,5,Medical,1,1448
40,0,Non-Travel,663,Research & Development,9,4,Other,1,1449
31,0,Travel_Rarely,326,Sales,8,2,Life Sciences,1,1453
46,1,Travel_Rarely,377,Sales,9,3,Marketing,1,1457
39,1,Non-Travel,592,Research & Development,2,3,Life Sciences,1,1458
31,1,Travel_Frequently,1445,Research & Development,1,5,Life Sciences,1,1459
45,0,Travel_Rarely,1038,Research & Development,20,3,Medical,1,1460
31,0,Travel_Rarely,1398,Human Resources,8,2,Medical,1,1461
31,1,Travel_Frequently,523,Research & Development,2,3,Life Sciences,1,1464
45,0,Travel_Rarely,1448,Research & Development,29,3,Technical Degree,1,1465
48,0,Travel_Rarely,1221,Sales,7,3,Marketing,1,1466
34,1,Travel_Rarely,1107,Human Resources,9,4,Technical Degree,1,1467
40,0,Non-Travel,218,Research & Development,8,1,Medical,1,1468
28,0,Travel_Rarely,866,Sales,5,3,Medical,1,1469
44,0,Non-Travel,981,Research & Development,5,3,Life Sciences,1,1471
53,0,Travel_Rarely,447,Research & Development,2,3,Medical,1,1472
49,0,Travel_Rarely,1495,Research & Development,5,4,Technical Degree,1,1473
40,0,Travel_Rarely,896,Research & Development,2,3,Medical,1,1474
44,0,Travel_Rarely,1467,Research & Development,20,3,Life Sciences,1,1475
33,0,Travel_Frequently,430,Sales,7,3,Medical,1,1477
34,0,Travel_Rarely,1326,Sales,3,3,Other,1,1478
30,0,Travel_Rarely,1358,Sales,16,1,Life Sciences,1,1479
42,0,Travel_Frequently,748,Research & Development,9,2,Medical,1,1480
44,0,Travel_Frequently,383,Sales,1,5,Marketing,1,1481
30,0,Non-Travel,990,Research & Development,7,3,Technical Degree,1,1482
57,0,Travel_Rarely,405,Research & Development,1,2,Life Sciences,1,1483
49,0,Travel_Rarely,1490,Research & Development,7,4,Life Sciences,1,1484
34,0,Travel_Frequently,829,Research & Development,15,3,Medical,1,1485
28,1,Travel_Frequently,1496,Sales,1,3,Technical Degree,1,1486
29,1,Travel_Frequently,115,Sales,13,3,Technical Degree,1,1487
34,1,Travel_Rarely,790,Sales,24,4,Medical,1,1489
35,0,Travel_Rarely,660,Sales,7,1,Life Sciences,1,1492
24,1,Travel_Frequently,381,Research & Development,9,3,Medical,1,1494
24,0,Non-Travel,830,Sales,13,2,Life Sciences,1,1495
44,0,Travel_Frequently,1193,Research & Development,2,1,Medical,1,1496
29,0,Travel_Rarely,1246,Sales,19,3,Life Sciences,1,1497
30,0,Travel_Rarely,330,Human Resources,1,3,Life Sciences,1,1499
55,0,Travel_Rarely,1229,Research & Development,4,4,Life Sciences,1,1501
33,0,Travel_Rarely,1099,Research & Development,4,4,Medical,1,1502
47,0,Travel_Rarely,571,Sales,14,3,Medical,1,1503
28,1,Travel_Frequently,289,Research & Development,2,2,Medical,1,1504
28,0,Travel_Rarely,1423,Research & Development,1,3,Life Sciences,1,1506
28,0,Travel_Frequently,467,Sales,7,3,Life Sciences,1,1507
49,0,Travel_Rarely,271,Research & Development,3,2,Medical,1,1509
29,0,Travel_Frequently,410,Research & Development,2,1,Life Sciences,1,1513
28,0,Travel_Rarely,1083,Research & Development,29,1,Life Sciences,1,1514
33,0,Travel_Rarely,516,Research & Development,8,5,Life Sciences,1,1515
32,0,Travel_Rarely,495,Research & Development,10,3,Medical,1,1516
54,0,Travel_Frequently,1050,Research & Development,11,4,Medical,1,1520
29,1,Travel_Rarely,224,Research & Development,1,4,Technical Degree,1,1522
44,0,Travel_Rarely,136,Research & Development,28,3,Life Sciences,1,1523
39,0,Travel_Rarely,1089,Research & Development,6,3,Life Sciences,1,1525
46,0,Travel_Rarely,228,Sales,3,3,Life Sciences,1,1527
35,0,Travel_Rarely,1029,Research & Development,16,3,Life Sciences,1,1529
23,0,Travel_Rarely,507,Research & Development,20,1,Life Sciences,1,1533
40,1,Travel_Rarely,676,Research & Development,9,4,Life Sciences,1,1534
34,0,Travel_Rarely,971,Sales,1,3,Technical Degree,1,1535
31,1,Travel_Frequently,561,Research & Development,3,3,Life Sciences,1,1537
50,0,Travel_Frequently,333,Research & Development,22,5,Medical,1,1539
34,0,Travel_Rarely,1440,Sales,7,2,Technical Degree,1,1541
42,0,Travel_Rarely,1210,Research & Development,2,3,Medical,1,1542
37,0,Travel_Rarely,674,Research & Development,13,3,Medical,1,1543
29,0,Travel_Rarely,441,Research & Development,8,1,Other,1,1544
33,0,Travel_Rarely,575,Research & Development,25,3,Life Sciences,1,1545
45,0,Travel_Rarely,950,Research & Development,28,3,Technical Degree,1,1546
42,0,Travel_Frequently,288,Research & Development,2,3,Life Sciences,1,1547
40,0,Travel_Rarely,1342,Sales,9,2,Medical,1,1548
33,0,Travel_Rarely,589,Research & Development,28,4,Life Sciences,1,1549
40,0,Travel_Rarely,898,Human Resources,6,2,Medical,1,1550
24,0,Travel_Rarely,350,Research & Development,21,2,Technical Degree,1,1551
40,0,Non-Travel,1142,Research & Development,8,2,Life Sciences,1,1552
45,0,Travel_Rarely,538,Research & Development,1,4,Technical Degree,1,1553
35,0,Travel_Rarely,1402,Sales,28,4,Life Sciences,1,1554
32,0,Travel_Rarely,824,Research & Development,5,2,Life Sciences,1,1555
36,0,Travel_Rarely,1157,Sales,2,4,Life Sciences,1,1556
48,0,Travel_Rarely,492,Sales,16,4,Life Sciences,1,1557
29,0,Travel_Rarely,598,Research & Development,9,3,Life Sciences,1,1558
33,0,Travel_Rarely,1242,Sales,8,4,Life Sciences,1,1560
30,1,Travel_Rarely,740,Sales,1,3,Life Sciences,1,1562
38,0,Travel_Frequently,888,Human Resources,10,4,Human Resources,1,1563
35,0,Travel_Rarely,992,Research & Development,1,3,Medical,1,1564
30,0,Travel_Rarely,1288,Sales,29,4,Technical Degree,1,1568
35,1,Travel_Rarely,104,Research & Development,2,3,Life Sciences,1,1569
53,1,Travel_Rarely,607,Research & Development,2,5,Technical Degree,1,1572
38,1,Travel_Rarely,903,Research & Development,2,3,Medical,1,1573
32,0,Non-Travel,1200,Research & Development,1,4,Technical Degree,1,1574
48,0,Travel_Rarely,1108,Research & Development,15,4,Other,1,1576
34,0,Travel_Rarely,479,Research & Development,7,4,Medical,1,1577
55,0,Travel_Rarely,685,Sales,26,5,Marketing,1,1578
34,0,Travel_Rarely,1351,Research & Development,1,4,Life Sciences,1,1580
26,0,Travel_Rarely,474,Research & Development,3,3,Life Sciences,1,1581
38,0,Travel_Rarely,1245,Sales,14,3,Life Sciences,1,1582
38,0,Travel_Rarely,437,Sales,16,3,Life Sciences,1,1583
36,0,Travel_Rarely,884,Sales,1,4,Life Sciences,1,1585
29,0,Travel_Rarely,1370,Research & Development,3,1,Medical,1,1586
35,0,Travel_Rarely,670,Research & Development,10,4,Medical,1,1587
39,0,Travel_Rarely,1462,Sales,6,3,Medical,1,1588
29,0,Travel_Frequently,995,Research & Development,2,1,Life Sciences,1,1590
50,0,Travel_Rarely,264,Sales,9,3,Marketing,1,1591
23,0,Travel_Rarely,977,Research & Development,10,3,Technical Degree,1,1592
36,0,Travel_Frequently,1302,Research & Development,6,4,Life Sciences,1,1594
42,0,Travel_Rarely,1059,Research & Development,9,2,Other,1,1595
35,0,Travel_Rarely,750,Research & Development,28,3,Life Sciences,1,1596
34,0,Travel_Frequently,653,Research & Development,10,4,Technical Degree,1,1597
40,0,Travel_Rarely,118,Sales,14,2,Life Sciences,1,1598
43,0,Travel_Rarely,990,Research & Development,27,3,Technical Degree,1,1599
35,0,Travel_Rarely,1349,Research & Development,7,2,Life Sciences,1,1601
46,0,Travel_Rarely,563,Sales,1,4,Life Sciences,1,1602
28,1,Travel_Rarely,329,Research & Development,24,3,Medical,1,1604
22,0,Non-Travel,457,Research & Development,26,2,Other,1,1605
50,0,Travel_Frequently,1234,Research & Development,20,5,Medical,1,1606
32,0,Travel_Rarely,634,Research & Development,5,4,Other,1,1607
44,0,Travel_Rarely,1313,Research & Development,7,3,Medical,1,1608
30,0,Travel_Rarely,241,Research & Development,7,3,Medical,1,1609
45,0,Travel_Rarely,1015,Research & Development,5,5,Medical,1,1611
45,0,Non-Travel,336,Sales,26,3,Marketing,1,1612
31,0,Travel_Frequently,715,Sales,2,4,Other,1,1613
36,0,Travel_Rarely,559,Research & Development,12,4,Life Sciences,1,1614
34,0,Travel_Frequently,426,Research & Development,10,4,Life Sciences,1,1615
49,0,Travel_Rarely,722,Research & Development,25,4,Life Sciences,1,1617
39,0,Travel_Rarely,1387,Research & Development,10,5,Medical,1,1618
27,0,Travel_Rarely,1302,Research & Development,19,3,Other,1,1619
35,0,Travel_Rarely,819,Research & Development,18,5,Life Sciences,1,1621
28,0,Travel_Rarely,580,Research & Development,27,3,Medical,1,1622
21,0,Travel_Rarely,546,Research & Development,5,1,Medical,1,1623
18,1,Travel_Frequently,544,Sales,3,2,Medical,1,1624
47,0,Travel_Rarely,1176,Human Resources,26,4,Life Sciences,1,1625
39,0,Travel_Rarely,170,Research & Development,3,2,Medical,1,1627
40,0,Travel_Rarely,884,Research & Development,15,3,Life Sciences,1,1628
35,0,Non-Travel,208,Research & Development,8,4,Life Sciences,1,1630
37,0,Travel_Rarely,671,Research & Development,19,3,Life Sciences,1,1631
39,0,Travel_Frequently,711,Research & Development,4,3,Medical,1,1633
45,0,Travel_Rarely,1329,Research & Development,2,2,Other,1,1635
38,0,Travel_Rarely,397,Research & Development,2,2,Medical,1,1638
35,1,Travel_Rarely,737,Sales,10,3,Medical,1,1639
37,0,Travel_Rarely,1470,Research & Development,10,3,Medical,1,1640
40,0,Travel_Rarely,448,Research & Development,16,3,Life Sciences,1,1641
44,0,Travel_Frequently,602,Human Resources,1,5,Human Resources,1,1642
48,0,Travel_Frequently,365,Research & Development,4,5,Medical,1,1644
35,1,Travel_Rarely,763,Sales,15,2,Medical,1,1645
24,0,Travel_Frequently,567,Research & Development,2,1,Technical Degree,1,1646
27,0,Travel_Rarely,486,Research & Development,8,3,Medical,1,1647
27,0,Travel_Frequently,591,Research & Development,2,3,Medical,1,1648
40,1,Travel_Rarely,1329,Research & Development,7,3,Life Sciences,1,1649
29,0,Travel_Rarely,469,Sales,10,3,Medical,1,1650
36,0,Travel_Rarely,711,Research & Development,5,4,Life Sciences,1,1651
25,0,Travel_Frequently,772,Research & Development,2,1,Life Sciences,1,1653
39,0,Travel_Rarely,492,Research & Development,12,3,Medical,1,1654
49,0,Travel_Rarely,301,Research & Development,22,4,Other,1,1655
50,0,Travel_Rarely,813,Research & Development,17,5,Life Sciences,1,1656
20,0,Travel_Rarely,1141,Sales,2,3,Medical,1,1657
34,0,Travel_Rarely,1130,Research & Development,3,3,Life Sciences,1,1658
36,0,Travel_Rarely,311,Research & Development,7,3,Life Sciences,1,1659
49,0,Travel_Rarely,465,Research & Development,6,1,Life Sciences,1,1661
36,0,Non-Travel,894,Research & Development,1,4,Medical,1,1662
36,0,Travel_Rarely,1040,Research & Development,3,2,Life Sciences,1,1664
54,0,Travel_Rarely,584,Research & Development,22,5,Medical,1,1665
43,0,Travel_Rarely,1291,Research & Development,15,2,Life Sciences,1,1666
35,1,Travel_Frequently,880,Sales,12,4,Other,1,1667
38,0,Travel_Frequently,1189,Research & Development,1,3,Life Sciences,1,1668
29,0,Travel_Rarely,991,Sales,5,3,Medical,1,1669
33,0,Travel_Rarely,392,Sales,2,4,Medical,1,1670
32,0,Travel_Rarely,977,Research & Development,2,3,Medical,1,1671
31,0,Travel_Rarely,1112,Sales,5,4,Life Sciences,1,1673
49,0,Travel_Rarely,464,Research & Development,16,3,Medical,1,1674
38,0,Travel_Frequently,148,Research & Development,2,3,Medical,1,1675
47,0,Travel_Rarely,1225,Sales,2,4,Life Sciences,1,1676
49,0,Travel_Rarely,809,Research & Development,1,3,Life Sciences,1,1677
41,0,Travel_Rarely,1206,Sales,23,2,Life Sciences,1,1678
20,0,Travel_Rarely,727,Sales,9,1,Life Sciences,1,1680
33,0,Non-Travel,530,Sales,16,3,Life Sciences,1,1681
36,0,Travel_Rarely,1351,Research & Development,26,4,Life Sciences,1,1682
44,0,Travel_Rarely,528,Human Resources,1,3,Life Sciences,1,1683
23,1,Travel_Rarely,1320,Research & Development,8,1,Medical,1,1684
38,0,Travel_Rarely,1495,Research & Development,4,2,Medical,1,1687
53,0,Travel_Rarely,1395,Research & Development,24,4,Medical,1,1689
48,1,Travel_Frequently,708,Sales,7,2,Medical,1,1691
32,1,Travel_Rarely,1259,Research & Development,2,4,Life Sciences,1,1692
26,0,Non-Travel,786,Research & Development,7,3,Medical,1,1693
55,0,Travel_Rarely,1441,Research & Development,22,3,Technical Degree,1,1694
34,0,Travel_Rarely,1157,Research & Development,5,2,Medical,1,1696
60,0,Travel_Rarely,370,Research & Development,1,4,Medical,1,1697
33,0,Travel_Rarely,267,Research & Development,21,3,Medical,1,1698
37,0,Travel_Frequently,1278,Sales,1,4,Medical,1,1700
34,0,Travel_Rarely,678,Research & Development,19,3,Life Sciences,1,1701
23,1,Travel_Rarely,427,Sales,7,3,Life Sciences,1,1702
44,0,Travel_Rarely,921,Research & Development,2,3,Life Sciences,1,1703
35,0,Travel_Frequently,146,Research & Development,2,4,Medical,1,1704
43,0,Travel_Rarely,1179,Sales,2,3,Medical,1,1706
24,0,Travel_Rarely,581,Research & Development,9,3,Medical,1,1707
41,0,Travel_Rarely,918,Sales,6,3,Marketing,1,1708
29,0,Travel_Rarely,1082,Research & Development,9,4,Medical,1,1709
36,0,Travel_Rarely,530,Sales,2,4,Life Sciences,1,1710
45,0,Non-Travel,1238,Research & Development,1,1,Life Sciences,1,1712
24,1,Travel_Rarely,240,Human Resources,22,1,Human Resources,1,1714
47,1,Travel_Frequently,1093,Sales,9,3,Life Sciences,1,1716
26,0,Travel_Rarely,390,Research & Development,17,4,Medical,1,1718
45,0,Travel_Rarely,1005,Research & Development,28,2,Technical Degree,1,1719
32,0,Travel_Frequently,585,Research & Development,10,3,Life Sciences,1,1720
31,0,Travel_Rarely,741,Research & Development,2,4,Life Sciences,1,1721
41,0,Non-Travel,552,Human Resources,4,3,Human Resources,1,1722
40,0,Travel_Rarely,369,Research & Development,8,2,Life Sciences,1,1724
24,0,Travel_Rarely,506,Research & Development,29,1,Medical,1,1725
46,0,Travel_Rarely,717,Research & Development,13,4,Life Sciences,1,1727
35,0,Travel_Rarely,1370,Research & Development,27,4,Life Sciences,1,1728
30,0,Travel_Rarely,793,Research & Development,16,1,Life Sciences,1,1729
47,0,Non-Travel,543,Sales,2,4,Marketing,1,1731
46,0,Travel_Rarely,1277,Sales,2,3,Life Sciences,1,1732
36,1,Travel_Rarely,1456,Sales,13,5,Marketing,1,1733
32,1,Travel_Rarely,964,Sales,1,2,Life Sciences,1,1734
23,0,Travel_Rarely,160,Research & Development,4,1,Medical,1,1735
31,0,Travel_Frequently,163,Research & Development,24,1,Technical Degree,1,1736
39,0,Non-Travel,792,Research & Development,1,3,Life Sciences,1,1737
32,0,Travel_Rarely,371,Sales,19,3,Life Sciences,1,1739
40,0,Travel_Rarely,611,Sales,7,4,Medical,1,1740
45,0,Travel_Rarely,176,Human Resources,4,3,Life Sciences,1,1744
30,0,Travel_Frequently,1312,Research & Development,2,4,Technical Degree,1,1745
24,0,Travel_Frequently,897,Human Resources,10,3,Medical,1,1746
30,1,Travel_Frequently,600,Human Resources,8,3,Human Resources,1,1747
31,0,Travel_Rarely,1003,Sales,5,3,Technical Degree,1,1749
27,0,Travel_Rarely,1054,Research & Development,8,3,Medical,1,1751
29,1,Travel_Rarely,428,Sales,9,3,Marketing,1,1752
29,0,Travel_Frequently,461,Research & Development,1,3,Life Sciences,1,1753
30,0,Travel_Rarely,979,Sales,15,2,Marketing,1,1754
34,0,Travel_Rarely,181,Research & Development,2,4,Medical,1,1755
33,0,Non-Travel,1283,Sales,2,3,Marketing,1,1756
49,0,Travel_Rarely,1313,Sales,11,4,Marketing,1,1757
33,1,Travel_Rarely,211,Sales,16,3,Life Sciences,1,1758
38,0,Travel_Frequently,594,Research & Development,2,2,Medical,1,1760
31,1,Travel_Rarely,1079,Sales,16,4,Marketing,1,1761
29,0,Travel_Rarely,590,Research & Development,4,3,Technical Degree,1,1762
30,0,Travel_Rarely,305,Research & Development,16,3,Life Sciences,1,1763
32,0,Non-Travel,953,Research & Development,5,4,Technical Degree,1,1764
38,0,Travel_Rarely,833,Research & Development,18,3,Medical,1,1766
43,1,Travel_Frequently,807,Research & Development,17,3,Technical Degree,1,1767
42,0,Travel_Rarely,855,Research & Development,12,3,Medical,1,1768
55,0,Travel_Rarely,478,Research & Development,2,3,Medical,1,1770
33,0,Non-Travel,775,Research & Development,4,3,Technical Degree,1,1771
41,0,Travel_Rarely,548,Research & Development,9,4,Life Sciences,1,1772
34,0,Non-Travel,1375,Sales,10,3,Life Sciences,1,1774
53,0,Non-Travel,661,Research & Development,1,4,Medical,1,1775
43,0,Travel_Rarely,244,Human Resources,2,3,Life Sciences,1,1778
34,0,Travel_Rarely,511,Sales,3,2,Life Sciences,1,1779
21,1,Travel_Rarely,337,Sales,7,1,Marketing,1,1780
38,0,Travel_Rarely,1153,Research & Development,6,2,Other,1,1782
22,1,Travel_Rarely,1294,Research & Development,8,1,Medical,1,1783
31,0,Travel_Rarely,196,Sales,29,4,Marketing,1,1784
51,0,Travel_Rarely,942,Research & Development,3,3,Technical Degree,1,1786
37,0,Travel_Rarely,589,Sales,9,2,Marketing,1,1787
46,0,Travel_Rarely,734,Research & Development,2,4,Medical,1,1789
36,0,Travel_Rarely,1383,Research & Development,10,3,Life Sciences,1,1790
44,1,Travel_Frequently,429,Research & Development,1,2,Medical,1,1792
37,0,Travel_Rarely,1239,Human Resources,8,2,Other,1,1794
35,1,Travel_Rarely,303,Sales,27,3,Life Sciences,1,1797
33,0,Travel_Rarely,867,Research & Development,8,4,Life Sciences,1,1798
28,0,Travel_Rarely,1181,Research & Development,1,3,Life Sciences,1,1799
39,0,Travel_Rarely,1253,Research & Development,10,1,Medical,1,1800
46,0,Non-Travel,849,Sales,26,2,Life Sciences,1,1801
40,0,Travel_Rarely,616,Research & Development,2,2,Life Sciences,1,1802
42,0,Travel_Rarely,1128,Research & Development,13,3,Medical,1,1803
35,0,Non-Travel,1180,Research & Development,2,2,Medical,1,1804
38,0,Non-Travel,1336,Human Resources,2,3,Human Resources,1,1805
34,1,Travel_Frequently,234,Research & Development,9,4,Life Sciences,1,1807
37,1,Travel_Rarely,370,Research & Development,10,4,Medical,1,1809
39,0,Travel_Frequently,766,Sales,20,3,Life Sciences,1,1812
43,0,Non-Travel,343,Research & Development,9,3,Life Sciences,1,1813
41,0,Travel_Rarely,447,Research & Development,5,3,Life Sciences,1,1814
41,0,Travel_Rarely,796,Sales,4,1,Marketing,1,1815
30,0,Travel_Rarely,1092,Research & Development,10,3,Medical,1,1816
26,1,Travel_Rarely,920,Human Resources,20,2,Medical,1,1818
46,1,Travel_Rarely,261,Research & Development,21,2,Medical,1,1821
40,0,Travel_Rarely,1194,Research & Development,1,3,Life Sciences,1,1822
34,0,Travel_Rarely,810,Sales,8,2,Technical Degree,1,1823
58,0,Non-Travel,350,Sales,2,3,Medical,1,1824
35,0,Travel_Rarely,185,Research & Development,23,4,Medical,1,1826
47,0,Travel_Rarely,1001,Research & Development,4,3,Life Sciences,1,1827
40,0,Travel_Rarely,750,Research & Development,12,3,Life Sciences,1,1829
54,0,Travel_Rarely,431,Research & Development,7,4,Medical,1,1830
31,0,Travel_Frequently,1125,Sales,7,4,Marketing,1,1833
28,0,Travel_Rarely,1217,Research & Development,1,3,Medical,1,1834
38,0,Travel_Rarely,723,Sales,2,4,Marketing,1,1835
26,0,Travel_Rarely,572,Sales,10,3,Medical,1,1836
58,0,Travel_Frequently,1216,Research & Development,15,4,Life Sciences,1,1837
18,0,Non-Travel,1431,Research & Development,14,3,Medical,1,1839
31,1,Travel_Rarely,359,Human Resources,18,5,Human Resources,1,1842
29,1,Travel_Rarely,350,Human Resources,13,3,Human Resources,1,1844
45,0,Non-Travel,589,Sales,2,4,Life Sciences,1,1845
36,0,Travel_Rarely,430,Research & Development,2,4,Other,1,1847
43,0,Travel_Frequently,1422,Sales,2,4,Life Sciences,1,1849
27,0,Travel_Frequently,1297,Research & Development,5,2,Life Sciences,1,1850
29,0,Travel_Frequently,574,Research & Development,20,1,Medical,1,1852
32,0,Travel_Frequently,1318,Sales,10,4,Marketing,1,1853
42,0,Non-Travel,355,Research & Development,10,4,Technical Degree,1,1854
47,0,Travel_Rarely,207,Research & Development,9,4,Life Sciences,1,1856
46,0,Travel_Rarely,706,Research & Development,2,2,Life Sciences,1,1857
28,0,Non-Travel,280,Human Resources,1,2,Life Sciences,1,1858
29,0,Travel_Rarely,726,Research & Development,29,1,Life Sciences,1,1859
42,0,Travel_Rarely,1142,Research & Development,8,3,Life Sciences,1,1860
32,1,Travel_Rarely,414,Sales,2,4,Marketing,1,1862
46,0,Travel_Rarely,1319,Sales,3,3,Technical Degree,1,1863
27,0,Travel_Rarely,728,Sales,23,1,Medical,1,1864
29,0,Travel_Rarely,352,Human Resources,6,1,Medical,1,1865
43,0,Travel_Rarely,823,Research & Development,6,3,Medical,1,1866
48,0,Travel_Rarely,1224,Research & Development,10,3,Life Sciences,1,1867
29,1,Travel_Frequently,459,Research & Development,24,2,Life Sciences,1,1868
46,1,Travel_Rarely,1254,Sales,10,3,Life Sciences,1,1869
27,0,Travel_Frequently,1131,Research & Development,15,3,Life Sciences,1,1870
39,0,Travel_Rarely,835,Research & Development,19,4,Other,1,1871
55,0,Travel_Rarely,836,Research & Development,2,4,Technical Degree,1,1873
28,0,Travel_Rarely,1172,Sales,3,3,Medical,1,1875
30,1,Travel_Rarely,945,Sales,9,3,Medical,1,1876
22,1,Travel_Rarely,391,Research & Development,7,1,Life Sciences,1,1878
36,0,Travel_Rarely,1266,Sales,10,4,Technical Degree,1,1880
31,0,Travel_Rarely,311,Research & Development,20,3,Life Sciences,1,1881
34,0,Travel_Rarely,1480,Sales,4,3,Life Sciences,1,1882
29,0,Travel_Rarely,592,Research & Development,7,3,Life Sciences,1,1883
37,0,Travel_Rarely,783,Research & Development,7,4,Medical,1,1885
35,0,Travel_Rarely,219,Research & Development,16,2,Other,1,1886
45,0,Travel_Rarely,556,Research & Development,25,2,Life Sciences,1,1888
36,0,Travel_Frequently,1213,Human Resources,2,1,Human Resources,1,1890
40,0,Travel_Rarely,1137,Research & Development,1,4,Life Sciences,1,1892
26,0,Travel_Rarely,482,Research & Development,1,2,Life Sciences,1,1893
27,0,Travel_Rarely,511,Sales,2,2,Medical,1,1898
48,0,Travel_Frequently,117,Research & Development,22,3,Medical,1,1900
44,0,Travel_Rarely,170,Research & Development,1,4,Life Sciences,1,1903
34,1,Non-Travel,967,Research & Development,16,4,Technical Degree,1,1905
56,1,Travel_Rarely,1162,Research & Development,24,2,Life Sciences,1,1907
36,0,Travel_Rarely,335,Sales,17,2,Marketing,1,1908
41,0,Travel_Rarely,337,Sales,8,3,Marketing,1,1909
42,0,Travel_Rarely,1396,Research & Development,6,3,Medical,1,1911
31,0,Travel_Rarely,1079,Sales,10,2,Medical,1,1912
34,0,Travel_Rarely,735,Sales,3,1,Medical,1,1915
31,0,Travel_Rarely,471,Research & Development,4,3,Medical,1,1916
26,0,Travel_Frequently,1096,Research & Development,6,3,Other,1,1918
45,0,Travel_Frequently,1297,Research & Development,1,4,Medical,1,1922
33,0,Travel_Rarely,217,Sales,10,4,Marketing,1,1924
28,0,Travel_Frequently,783,Sales,1,2,Life Sciences,1,1927
29,1,Travel_Frequently,746,Sales,24,3,Technical Degree,1,1928
39,0,Non-Travel,1251,Sales,21,4,Life Sciences,1,1929
27,0,Travel_Rarely,1354,Research & Development,2,4,Technical Degree,1,1931
34,0,Travel_Frequently,735,Research & Development,22,4,Other,1,1932
28,1,Travel_Rarely,1475,Sales,13,2,Marketing,1,1933
47,0,Non-Travel,1169,Research & Development,14,4,Technical Degree,1,1934
56,0,Travel_Rarely,1443,Sales,11,5,Marketing,1,1935
39,0,Travel_Rarely,867,Research & Development,9,2,Medical,1,1936
38,0,Travel_Frequently,1394,Research & Development,8,3,Medical,1,1937
58,0,Travel_Rarely,605,Sales,21,3,Life Sciences,1,1938
32,1,Travel_Frequently,238,Research & Development,5,2,Life Sciences,1,1939
38,0,Travel_Rarely,1206,Research & Development,9,2,Life Sciences,1,1940
49,0,Travel_Frequently,1064,Research & Development,2,1,Life Sciences,1,1941
42,0,Travel_Rarely,419,Sales,12,4,Marketing,1,1943
27,1,Travel_Frequently,1337,Human Resources,22,3,Human Resources,1,1944
35,0,Travel_Rarely,682,Sales,18,4,Medical,1,1945
28,0,Non-Travel,1103,Research & Development,16,3,Medical,1,1947
31,0,Non-Travel,976,Research & Development,3,2,Medical,1,1948
36,0,Non-Travel,1351,Research & Development,9,4,Life Sciences,1,1949
34,0,Travel_Rarely,937,Sales,1,3,Marketing,1,1950
34,0,Travel_Rarely,1239,Sales,13,4,Medical,1,1951
26,0,Travel_Rarely,157,Research & Development,1,3,Medical,1,1952
29,0,Travel_Rarely,136,Research & Development,1,3,Life Sciences,1,1954
32,0,Non-Travel,1146,Research & Development,15,4,Medical,1,1955
31,0,Travel_Frequently,1125,Research & Development,1,3,Life Sciences,1,1956
28,1,Travel_Rarely,1404,Research & Development,17,3,Technical Degree,1,1960
38,0,Travel_Rarely,1404,Sales,1,3,Life Sciences,1,1961
35,0,Travel_Rarely,1224,Sales,7,4,Life Sciences,1,1962
27,0,Travel_Rarely,954,Sales,9,3,Marketing,1,1965
32,0,Travel_Rarely,1373,Research & Development,5,4,Life Sciences,1,1966
31,1,Travel_Frequently,754,Sales,26,4,Marketing,1,1967
53,1,Travel_Rarely,1168,Sales,24,4,Life Sciences,1,1968
54,0,Travel_Rarely,155,Research & Development,9,2,Life Sciences,1,1969
33,0,Travel_Frequently,1303,Research & Development,7,2,Life Sciences,1,1970
43,0,Travel_Rarely,574,Research & Development,11,3,Life Sciences,1,1971
38,0,Travel_Frequently,1444,Human Resources,1,4,Other,1,1972
55,0,Travel_Rarely,189,Human Resources,26,4,Human Resources,1,1973
31,0,Travel_Rarely,1276,Research & Development,2,1,Medical,1,1974
39,0,Travel_Rarely,119,Sales,15,4,Marketing,1,1975
42,0,Non-Travel,335,Research & Development,23,2,Life Sciences,1,1976
31,0,Non-Travel,697,Research & Development,10,3,Medical,1,1979
54,0,Travel_Rarely,157,Research & Development,10,3,Medical,1,1980
24,0,Travel_Rarely,771,Research & Development,1,2,Life Sciences,1,1981
23,0,Travel_Rarely,571,Research & Development,12,2,Other,1,1982
40,0,Travel_Frequently,692,Research & Development,11,3,Technical Degree,1,1985
40,0,Travel_Rarely,444,Sales,2,2,Marketing,1,1986
25,0,Travel_Rarely,309,Human Resources,2,3,Human Resources,1,1987
30,0,Travel_Rarely,911,Research & Development,1,2,Medical,1,1989
25,0,Travel_Rarely,977,Research & Development,2,1,Other,1,1992
47,0,Travel_Rarely,1180,Research & Development,25,3,Medical,1,1993
33,0,Non-Travel,1313,Research & Development,1,2,Medical,1,1994
38,0,Travel_Rarely,1321,Sales,1,4,Life Sciences,1,1995
31,0,Travel_Rarely,1154,Sales,2,2,Life Sciences,1,1996
38,0,Travel_Frequently,508,Research & Development,6,4,Life Sciences,1,1997
42,0,Travel_Rarely,557,Research & Development,18,4,Life Sciences,1,1998
41,0,Travel_Rarely,642,Research & Development,1,3,Life Sciences,1,1999
47,0,Non-Travel,1162,Research & Development,1,1,Medical,1,2000
35,0,Travel_Rarely,1490,Research & Development,11,4,Medical,1,2003
22,0,Travel_Rarely,581,Research & Development,1,2,Life Sciences,1,2007
35,0,Travel_Rarely,1395,Research & Development,9,4,Medical,1,2008
33,0,Travel_Rarely,501,Research & Development,15,2,Medical,1,2009
32,0,Travel_Rarely,267,Research & Development,29,4,Life Sciences,1,2010
40,0,Travel_Rarely,543,Research & Development,1,4,Life Sciences,1,2012
32,0,Travel_Rarely,234,Sales,1,4,Medical,1,2013
39,0,Travel_Rarely,116,Research & Development,24,1,Life Sciences,1,2014
38,0,Travel_Rarely,201,Research & Development,10,3,Medical,1,2015
32,0,Travel_Rarely,801,Sales,1,4,Marketing,1,2016
37,0,Travel_Rarely,161,Research & Development,10,3,Life Sciences,1,2017
25,0,Travel_Rarely,1382,Sales,8,2,Other,1,2018
52,0,Non-Travel,585,Sales,29,4,Life Sciences,1,2019
44,0,Travel_Rarely,1037,Research & Development,1,3,Medical,1,2020
21,0,Travel_Rarely,501,Sales,5,1,Medical,1,2021
39,0,Non-Travel,105,Research & Development,9,3,Life Sciences,1,2022
23,1,Travel_Frequently,638,Sales,9,3,Marketing,1,2023
36,0,Travel_Rarely,557,Sales,3,3,Medical,1,2024
36,0,Travel_Frequently,688,Research & Development,4,2,Life Sciences,1,2025
56,0,Non-Travel,667,Research & Development,1,4,Life Sciences,1,2026
29,1,Travel_Rarely,1092,Research & Development,1,4,Medical,1,2027
42,0,Travel_Rarely,300,Research & Development,2,3,Life Sciences,1,2031
56,1,Travel_Rarely,310,Research & Development,7,2,Technical Degree,1,2032
41,0,Travel_Rarely,582,Research & Development,28,4,Life Sciences,1,2034
34,0,Travel_Rarely,704,Sales,28,3,Marketing,1,2035
36,0,Non-Travel,301,Sales,15,4,Marketing,1,2036
41,0,Travel_Rarely,930,Sales,3,3,Life Sciences,1,2037
32,0,Travel_Rarely,529,Research & Development,2,3,Technical Degree,1,2038
35,0,Travel_Rarely,1146,Human Resources,26,4,Life Sciences,1,2040
38,0,Travel_Rarely,345,Sales,10,2,Life Sciences,1,2041
50,1,Travel_Frequently,878,Sales,1,4,Life Sciences,1,2044
36,0,Travel_Rarely,1120,Sales,11,4,Marketing,1,2045
45,0,Travel_Rarely,374,Sales,20,3,Life Sciences,1,2046
40,0,Travel_Rarely,1322,Research & Development,2,4,Life Sciences,1,2048
35,0,Travel_Frequently,1199,Research & Development,18,4,Life Sciences,1,2049
40,0,Travel_Rarely,1194,Research & Development,2,4,Medical,1,2051
35,0,Travel_Rarely,287,Research & Development,1,4,Life Sciences,1,2052
29,0,Travel_Rarely,1378,Research & Development,13,2,Other,1,2053
29,0,Travel_Rarely,468,Research & Development,28,4,Medical,1,2054
50,1,Travel_Rarely,410,Sales,28,3,Marketing,1,2055
39,0,Travel_Rarely,722,Sales,24,1,Marketing,1,2056
31,0,Non-Travel,325,Research & Development,5,3,Medical,1,2057
26,0,Travel_Rarely,1167,Sales,5,3,Other,1,2060
36,0,Travel_Frequently,884,Research & Development,23,2,Medical,1,2061
39,0,Travel_Rarely,613,Research & Development,6,1,Medical,1,2062
27,0,Travel_Rarely,155,Research & Development,4,3,Life Sciences,1,2064
49,0,Travel_Frequently,1023,Sales,2,3,Medical,1,2065
34,0,Travel_Rarely,628,Research & Development,8,3,Medical,1,2068
